microcystin,x16s,mcy_a_m,doc_ppm,ortho_p_mg_p_l,tkn_mg_n_l,cl_mg_cl_l,p_h,tp,mcya_16s,HAB_next_week
0,19465141.54,0,3.899,0.065,0.18,16.994,7.7,0.538,0,0
0,4278450.817,0,4.689,0.034,0.282,16.738,7.81,0.057,0,0
0.23,610231.469,0,3.886,0.0401,0.346,16.352,8.13,0.0961,0,0
0.743,5582700.973,0,3.824,0.023,0.365,14.867,8.19,0.018,0,0
0.038,10103848,0,2.248,0.081,0.858,15.754,8.06,0.368,0,0
0.105,2804880.531,0,4.07,0.22,1.178,13.677,8.03,0.419,0,0
0.343,11888871.83,0,3.831,0.05,0.781,13.878,8.19,0.093,0,0
0.085,383472.0216,0,3.865,0.038,0.534,12.925,7.57,0.071,0,0
0,4152121.403,0,1.958,0.046,2.089,15.569,7.57,0.006,0,0
0,2425661.675,0,4.328,0.041,0.2,12.829,8.2,0.196,0,0
0,5709451.03,0,4.198,0.009,0.318,12.559,8.2,0.006,0,0
0,322347.7434,0,4.914,0.0382,0.613,12.748,7.96,0.0512,0,0
0.83,5932539.751,0,5.198,0.022,0.759,12.05,8.1,0.405,0,0
0,18012339.68,0,5.482,0.035,2.212,13.099,8.07,0.488,0,0
0.11,2422437.828,233737.1811,5.454,0.36,1.268,12.089,8.17,0.547,0.096488413,0
1.11,1309742.381,118963.9045,6.175,0.043,1.592,11.873,8.28,0.227,0.090830003,0
1.455,1151816.392,0,3.884,0.184,3.152,11.789,8.31,0.944,0,0
0.845,5649934.437,107730.4375,2.046,0.065,4.134,12.796,8.31,0.15,0.019067555,1
0,6269031.139,0,5.504,0.004,0.242,17.213,8.25,0.119,0,0
0,802830.5234,0,3.488,0.076,0.204,17.938,8.29,0.037,0,0
0.078,4412656.314,0,4.946,0.031,0.051,17.194,8.3,-0.015,0,0
1.505,3089205.995,0,3.421,0.046,0.5,17.848,8.11,0.028,0,0
0,9913856.467,0,5.112,0.011,0.902,17.45,8.32,0.157,0,0
0.007,3287654.251,0,4.972,0.08,1.154,17.155,8.16,0.259,0,0
0.477,2420430.112,0,4.97,0.007,0.947,18.07,8.22,0.079,0,0
0,496034.2409,0,7.903,0.016,1.162,17.608,8.09,0.052,0,0
0.03,1396781.07,0,3.209,0.016,0.947,20.531,8.09,-0.488,0,0
1.362,6150054.154,924618.1157,5.778,0.004,0.259,16.645,8.5,0.258,0.150343085,0
0.06,4221319.539,349707.2781,6.469,0.003,0.472,16.686,8.53,-0.01,0.082843119,0
3.068,304848.9823,330251.3433,6.659,0.0104,0.846,17.038,8.12,0.0714,1.083327688,0
3.365,6959317.884,469133.0095,6.651,0.017,1.18,17.542,8.49,0.119,0.067410775,0
2.168,16109507.12,247193.777,7.154,0.288,1.864,18.559,8.58,0.646,0.01534459,0
0.055,4370615.263,58971.64503,6.783,0.07,2.795,18.782,8.4,0.324,0.013492756,0
0.407,13022475.22,52452.23638,6.621,0.024,2.247,19.035,8.42,0.601,0.004027824,0
0.117,2362356.675,0,5.29,0.015,1.827,18.663,8.5,0.245,0,0
0.05,6528644.705,0,0.41,0.012,2.155,19.804,8.5,-0.243,0,0
0,2345873.333,0,35.27,0.006,0.154,14.956,7.81,-0.015,0,0
0,1836927.262,0,31.04,0.01,0.153,21.37,8.21,-0.05,0,0
0.218,593161.1469,0,35.049,0.029,0.485,14.714,7.71,0.092,0,0
0.987,2843627.647,0,4.97,0.022,0.308,14.253,8.08,-0.04,0,0
0.918,5281981.576,0,4.708,0.042,0.551,14.773,8.05,0.124,0,0
0,1806123.842,0,4.038,0.04,0.94,14.871,7.9,0.226,0,0
0.097,1100921.791,0,33.79,0.173,0.42,14.875,8.04,0.253,0,0
0,28453.60381,0,5.459,0.028,0.795,15.164,8.3,0.013,0,0
0.133,1386847.773,0,3.456,0.004,0.616,15.97,8.3,-0.479,0,0
0.305,2408578.401,129849.022,7.644,0.002,0.305,12.629,8.5,0.152,0.053911063,0
0.28,4645818.162,122115.7768,5.021,0.005,0.31,13.279,8.7,-0.026,0.026285096,0
0.57,1118395.352,62256.52231,8.324,0.0093,0.814,12.791,8.88,0.0463,0.055665934,0
1.35,11877767.55,129383.8494,18.02,0.011,0.707,11.973,8.14,0.018,0.010892943,0
0.585,19539120.49,255652.0317,7.588,0.008,1.744,12.08,8.3,0.216,0.013084112,0
0.62,2824769.728,182286.5502,8.348,-0.07,1.656,12.123,8.45,-0.042,0.064531473,0
2.155,5490905.853,89336.51901,8.78,0.045,1.62,12.786,8.38,0.122,0.016269905,0
3.487,1196959.229,0,7.654,0.156,1.622,12.822,8.37,0.31,0,0
4.065,4854188.188,325940.2494,7.386,-0.001,1.722,13.713,8.37,-0.405,0.067146191,1
0.793,12313395.32,117012.2174,7.893,0.3,2.282,13.564,8.5,0.491,0.009502839,0
5.005,438928.1128,242737.4134,6.596,0.064,1.213,14.023,8.18,0.198,0.553023163,0
0,1566723.548,343971.4779,6.789,0.011,0.193,12.683,8.48,0.005,0.219548291,0
0,251999.1937,0,6.562,0.096,0.383,13.346,8.58,0.163,0,0
0.455,1943529.919,73036.76791,7.444,0.058,0.48,13.619,8.41,0.063,0.037579441,0
4.927,25103297.69,1726814.195,6.409,0.002,1.467,12.731,8.35,0.286,0.068788341,0
1.908,6666420.409,1550029.153,7.609,0.07,16.908,13.241,8.2,0.459,0.232512962,0
4.537,4696880.221,1041864.684,6.059,0.03,1.356,13.512,8.3,0.097,0.221820578,0
3.1,1901837.304,126404.779,4.936,0.002,1.234,13.129,8.53,0.099,0.06646456,0
0.218,2190625.771,242337.8431,5.616,0.003,0.352,19.131,8.66,0.212,0.110624939,0
0.068,4923913.335,270835.657,5.237,0.014,0.407,18.125,8.55,0.017,0.055004148,0
1.743,372131.1217,10476.83728,6.271,0.0068,1.093,18.462,8.31,0.0398,0.028153618,0
4.2,1994752.364,376674.159,6.475,0.011,1.328,17.615,8.41,0.074,0.188832542,0
1.193,5043291.371,60941.8938,6.512,0.233,2.246,17.781,8.51,0.696,0.012083754,0
0,5762855.789,68418.95808,7.03,0.12,3.558,18.494,8.3,0.582,0.011872405,0
0.282,13187381.36,0,6.998,0.025,1.978,18.423,8.5,0.249,0,0
0.01,2292697.127,0,5.335,0.016,1.938,18.638,8.5,0.153,0,0
0.087,7235162.01,0,6.094,0.01,2.213,19.696,8.5,-0.274,0,0
0.127,2073522.188,0,6.593,0.006,0.168,24.334,8.18,0.329,0,0
0,723386.7705,22038.15182,6.218,0.109,0.184,22.42,8.2,0.087,0.03046524,0
0.018,3615674.348,0,7.281,0.035,0.541,22.319,8.25,0.117,0,0
1.32,1936671.831,0,6.555,0.057,0.428,22.118,8.07,0.014,0,0
0.17,14985396.59,0,6.783,0.035,0.811,22.309,8.15,0.247,0,0
0,4876625.973,0,6.448,0.15,0.705,22.677,8.1,0.249,0,0
0.292,1023256.874,0,6.092,0.002,0.67,22.775,8.33,-0.02,0,0
0.023,1744690.442,0,5.852,0,0.766,22.602,8.5,0.055,0,0
0.155,1564615.477,0,2.524,0.011,0.602,25.998,8.5,-0.487,0,0
0.172,9101909.178,0,5.054,0.047,0.358,33.779,8.41,1.402,0,0
0.027,2483529.935,0,6.648,0.013,0.471,31.9,8.31,-0.006,0,0
0.54,722149.1378,21306.62048,6.127,0.0129,0.833,32.786,8.6,0.1279,0.02950446,0
0.725,4422520.553,55308.59787,6.325,0.02,0.572,33.05,8.43,-0.026,0.012506126,0
0.63,9942842.741,0,5.707,0.06,1.784,34.188,8.29,0.263,0,0
0.38,2339893.633,64632.71898,6.046,0.05,1.64,34.587,8.21,0.163,0.027622076,0
0.468,2694522.674,106760.4879,6.814,0.003,1.229,35.204,8.37,0.026,0.039621299,0
0.415,608654.9359,0,7.687,0,0.909,37.068,8.1,-0.001,0,0
0.375,3517464.816,0,4.124,0.043,1.452,42.744,8.1,-0.406,0,0
33.66,6223711.446,8216988.932,18.45,0.006,0.899,6.334,9.58,1.342,1.320271514,1
45.79,1788553.409,3238527.447,12.68,0.164,1.782,6.667,10.23,0.339,1.810696528,1
37.255,13111777.82,4461288.291,9.089,0.035,2.159,6.751,10.25,0.239,0.340250449,1
40.94,22748380.4,2926784.599,11.25,0.143,2.054,6.776,9.91,0.311,0.128659032,1
36.56,63467849.9,11424445.81,18.08,0.192,4.714,6.918,9.71,1.163,0.180003668,1
18.365,8763041.551,6751585.742,9.269,2.63,4.668,7.123,10.01,3.415,0.770461455,1
34.83,11657474.96,6128916.709,13.26,0.159,3.281,7.376,9.44,0.768,0.525749936,1
10.155,1174892.617,46615.02393,7.275,0.241,1.515,5.929,9.26,0.543,0.039675987,1
20.353,7019925.839,4916230.913,2.815,0.251,2.306,8.792,9.26,0.297,0.700325192,1
0,1499818.698,0,6.779,0.008,0.178,22.642,8.39,0.084,0,0
0,917475.7604,37935.3641,6.036,0.073,0.21,22.762,8.19,0.08,0.041347538,0
0.125,941692.9891,0,7.219,0.042,0.877,22.603,8.17,0.102,0,0
0.913,2398534.097,0,6.708,0.019,0.296,23.215,8.25,-0.053,0,0
0.16,9795483.947,53655.84856,7.12,0.005,0.45,21.797,8.45,0.133,0.005477611,0
0.14,2325975.13,108911.6041,7.197,-0.01,0.825,22.832,8.1,0.032,0.046824062,0
0.488,2264121.553,47170.8958,7.664,-0.007,0.792,23.053,8.33,0.053,0.020834083,0
0.262,681809.3239,0,4.935,0.008,0.574,22.893,8.2,-0.032,0,0
0.1,2149471.032,56715.10669,5.606,0.046,0.622,25.746,8.2,-0.483,0.026385611,0
0.16,811455.7087,0,8.158,0.043,0.261,7.818,7.9,0.527,0,0
0.255,0,17036.00553,8.178,0.07,0.316,6.703,8.2,0.111,0,0
0.975,4805972.502,173736.0409,8.016,0.002,1.054,6.435,8.91,0.14,0.036150028,0
3.057,7452652.187,322720.0654,9.572,0.009,1.128,6.793,8.4,0.128,0.043302714,0
0.097,17648108.27,404579.9107,8.554,0.069,1.877,6.868,8.4,0.435,0.022924832,0
3.015,4999762.464,1040094.18,8.004,0.06,2.794,6.54,8.93,0.415,0.208028719,1
40.295,8406035.236,1394999.969,3.493,0.009,6.287,7.357,9.33,0.522,0.165952191,0
1.695,1790990.531,0,4.587,0.004,1.983,5.873,8.61,0.082,0,0
0.47,1662879.641,87511.66878,5.924,0.055,1.15,8.672,8.61,-0.353,0.05262658,0
0,1018569.772,0,9.861,0.003,0.265,1.9,7.42,0.135,0,0
0,762693.3286,0,8.742,0.398,0.177,1.515,7.71,0.366,0,0
0.222,2110804.693,0,9.173,0.139,0.462,0.997,7.92,0.208,0,0
1.725,7530931.608,0,9.05,0.033,0.39,1.091,7.84,-0.002,0,0
0.512,5717448.757,14355.19991,9.308,0.087,0.626,5.547,8.17,0.356,0.00251077,0
0,2550516.799,0,22.75,-0.07,0.676,1.679,8.34,0.075,0,0
0.28,1373742.44,0,9.229,0.285,0.619,1.316,8.22,0.292,0,0
0,388493.2976,0,4.675,0.004,0.445,1.146,7.86,-0.002,0,0
0.038,1305805.47,0,4.457,-0.001,2.417,2.315,7.86,0.06,0,0
0.387,2290984.535,0,7.485,0.008,0.281,9.992,8.8,0.268,0,0
0,484965.1968,0,7.116,0.03,0.432,9.903,9,0.021,0,0
0.082,4991457.054,0,8.059,0.23,1.097,10.219,9.11,0.277,0,0
0.96,9551706.186,0,8.322,0.024,0.834,10.701,8.86,0.028,0,0
0.275,20486978.8,0,18.82,-0.003,1.433,9.791,8.03,0.276,0,0
0.018,7738263.533,0,7.741,0.27,1.27,10.378,8.48,0.449,0,0
0.243,2342146.832,0,7.918,-0.007,1.133,10.417,8.97,0.09,0,0
0,535617.5593,0,3.157,0.017,1.115,9.803,8.49,0.084,0,0
0.183,2336106.114,0,5.765,0.015,1.117,11.53,8.49,-0.448,0,0
0.447,3827655.485,0,6.141,0.021,0.152,7.268,8.66,0.11,0,0
0.135,552656.9926,16175.02142,6.383,0.014,0.28,7.67,9.08,0.008,0.02926774,0
0.365,8079198.685,0,6.569,0.084,0.618,8.749,8.37,0.202,0,0
1.503,5833993.426,38794.11311,7.18,0.006,0.791,7.414,8.41,-0.016,0.006649667,0
0.248,23363598.93,222373.2139,4.798,0.015,1.685,7.394,8.41,0.27,0.009517935,0
0.285,4443116.5,103836.3466,21.69,0.25,1.468,7.424,9.81,0.416,0.023370161,0
0.78,868291.5525,27450.57455,7.773,0.002,1.406,7.713,8.06,0.024,0.031614467,0
0.817,303661.0707,0,6.803,0.007,1.496,7.168,7.94,0.026,0,0
2.013,4105585.995,110350.4005,6.813,0.027,1.189,9.448,7.94,-0.408,0.026878112,0
11.798,6366303.554,2688795.645,13.03,0.056,1.903,9.484,8.71,0.719,0.422348011,1
11.417,1428371.711,1122138.841,8.753,0.147,1.129,9.861,9.15,0.316,0.785607018,1
22.955,9172257.304,3530581.305,9.463,0.216,2.142,9.645,9.28,0.4,0.384919566,1
22.03,27376841.35,4174093.863,10.62,0.05,1.516,10.373,10.21,0.11,0.152468059,1
30.3,40747297.77,5248329.308,9.743,0.129,2.43,10.132,9.71,0.672,0.128801898,1
27.495,27050059.22,1493096.835,15.29,0.39,8.53,14.796,9.31,3.045,0.055197544,1
9.47,3188580.525,573818.5066,11.08,0.126,2.632,11.063,9.44,0.711,0.179960488,0
2.622,746376.8195,0,4.635,0.208,1.42,9.703,9.19,0.555,0,1
9.532,2310576.486,865106.2109,3.027,0.353,2.65,12.231,9.19,0.055,0.374411415,1
4.203,1741722.53,144152.1821,15.31,0.006,2.594,15.686,9.42,0.282,0.082764148,0
0.603,0,65145.07751,7.713,0.086,0.508,9.345,8.81,0.102,0,0
2.277,2559803.42,120798.047,9.243,0.022,1.401,9.625,9.46,0.049,0.047190361,0
2.245,1766479.283,99761.60541,9.102,0.036,1.679,9.357,9.09,0.112,0.056474823,0
4.485,12125662.87,390548.1008,10.43,0.01,4.193,10.002,10.03,0.59,0.032208392,0
6.753,3376381.704,1212418.164,10.29,0.04,6.365,9.647,9.01,0.641,0.359088003,1
12.065,1079676.443,313921.848,8.887,0.5,2.266,9.674,9.44,0.731,0.290755485,0
2.133,1090910.727,0,3.158,0.011,2.864,9.4,9.02,0.274,0,1
49.4,5513531.938,858050.2203,4.396,0.019,24.91,13.332,9.02,2.348,0.155626236,1
1.712,22120411.78,943322.6052,5.395,0.002,0.193,21.727,8.4,0.054,0.042644894,0
0,2220544.554,282193.6996,8.178,0.003,0.464,11.403,8.71,-0.025,0.127083106,0
0.535,345668.695,77804.78887,5.528,0.006,0.637,22.718,8.94,0.066,0.225084857,0
0.665,3440663.412,44855.59231,5.548,0.03,0.642,21.718,8.92,0.012,0.013036902,0
0.343,6616304.192,53322.61549,5.336,0.137,2.892,23.764,9.13,0.381,0.008059275,0
0.125,2804657.545,0,5.842,0,2.336,23.429,9.21,0.189,0,0
0.602,4408112.436,0,6.687,0.032,1.298,22.803,9.26,0.076,0,0
0,222400.7871,0,5.011,0.033,1.078,22.675,8.71,0.138,0,0
0.105,3042946.795,0,4.004,0.011,1.1,25.86,8.71,-0.456,0,0
0.21,4652153.546,0,6.299,0.004,0.234,26.891,8.48,0.195,0,0
0,5926430.516,0,7.002,0.003,0.374,27.73,8.32,-0.007,0,0
0.132,984813.0659,0,6.146,0.0058,0.631,28.523,8.3,-0.0022,0,0
0.65,857483.8611,0,5.984,0.017,0.643,28.088,8.1,-0.017,0,0
0.038,8732810.424,0,7.333,0.416,1.876,29.301,8.51,0.661,0,0
0,1340727.589,0,6.797,-0.03,3.249,29.574,8.62,0.33,0,0
0.4,6323426.845,0,7.893,0.019,2.218,29.016,8.59,0.14,0,0
0.09,1193048.678,0,4.598,0.048,1.849,29.464,8.46,0.164,0,0
0.332,7473110.931,0,5.381,0,2.236,30.533,8.46,-0.342,0,0
3.283,6541765.161,997989.5904,14.06,0.011,0.793,3.658,10.26,0.652,0.152556621,0
2.665,1548234.47,375857.7495,11.97,0.069,0.971,3.53,10.11,0.135,0.242765393,1
18.487,7244674.377,1457969.975,20.376,0.102,2.45,3.504,9.9,0.333,0.201247137,1
22.64,10143468.63,2273699.664,13.71,0.01,2.736,3.528,8.82,0.044,0.224154059,1
22.3,13559330.18,2401253.93,14.2,0.014,3.649,4.092,9.65,0.337,0.177092371,1
8.94,6024707.407,3247682.102,13.27,0.27,3.299,3.576,9.84,0.431,0.539060552,1
16.185,4200602.222,1398590.205,12.29,0.015,2.111,3.592,9.17,0.036,0.332949927,0
3.827,798742.8264,64038.53366,5.348,0.003,1.879,3.342,8.98,0.202,0.080174158,0
1.725,3651177.322,222267.4874,5.022,0.019,1.817,5.28,8.98,-0.408,0.060875566,1
0.043,1601350.761,0,10.1,0.003,0.385,3.108,7.64,0.11,0,0
0.072,558227.8787,0,8.703,0.144,0.353,2.875,8.34,0.043,0,0
0.065,2650245.677,0,10.149,0.163,1.019,2.327,8.91,0.169,0,0
0,2421251.979,0,9.737,0.005,0.934,2.665,8.69,0.099,0,0
0.023,5933610.655,0,8.87,0.019,1.184,2.97,8.37,0.155,0,0
0.063,2245486.972,0,9.601,-0.03,0.868,3.04,8.21,-0.111,0,0
0.405,871631.135,0,9.813,0.053,1.06,2.634,8.48,0.069,0,0
0.17,45278.46984,0,5.069,0.08,1.085,2.496,7.49,0.236,0,0
0.208,1820534.458,0,1.903,0.002,0.839,3.692,7.49,-0.497,0,0
0.015,13457665.83,73842.04736,9.924,0.005,0.453,12.258,8.45,0.24,0.005486988,0
0,2183077.381,0,9.33,0.106,0.522,12.122,8.29,0.125,0,0
0.335,990476.0533,0,8.008,0.0452,0.947,12.398,8.5,0.1862,0,0
0.98,10185850.9,0,8.132,0.014,0.681,11.3,8.03,0.018,0,0
0.135,10765273.36,0,7.853,0.023,1.243,12.152,8.24,0.394,0,0
0.185,2406012.258,0,8.943,-0.04,0.907,11.961,8.46,0.097,0,0
0.305,8139343,0,8.513,0.002,1.133,11.851,8.32,0.016,0,0
0.038,752300.0917,0,5.248,0.208,0.993,11.939,8.43,0.321,0,0
0.38,14279874.66,0,7.126,0.001,2.011,12.113,8.43,-0.211,0,0
0.188,1867870.78,0,4.65,3.247,0.194,13.154,8.4,3.449,0,0
0.05,0,0,5.003,0.017,0.287,21.758,8.5,0.036,0,0
0.213,0,0,4.949,0.0077,0.644,13.832,8.18,0.1207,0,0
0.485,5073549.028,0,4.48,0.005,0.504,13.22,8.8,-0.009,0,0
0.003,3872928.147,0,3.396,0.161,1.026,15.036,7.9,0.484,0,0
0,1780053.557,0,5.267,0.03,1.346,13.936,8.47,0.168,0,0
0.675,2364202.38,19759.47132,5.256,0.005,1.425,14.132,8.17,0.083,0.008357775,0
0.06,237686.9558,0,1.815,0.07,1.547,13.512,8.54,0.177,0,0
0.207,2156813.468,0,1.62,0.003,2.399,15.471,8.54,-0.356,0,0
1.727,1937557.539,857117.0741,9.152,0.007,0.533,12.111,8.7,0.33,0.442369869,0
1.355,4771137.977,356465.601,9.339,0.003,0.463,11.572,8.3,-0.033,0.07471291,0
1.247,663746.063,175812.6995,9.042,0.0088,0.772,13.251,7.91,0.0598,0.264879461,0
1.29,7251691.982,236665.3928,9.687,0.012,1.144,12.021,8.55,0.053,0.032635886,0
5.788,10984715.51,661507.5577,11.45,0.103,2.259,12.545,8.9,0.431,0.060220727,0
2.905,1612594.692,553594.6686,10.22,-0.05,2.673,12.529,8.81,0.101,0.343294364,0
3.535,4810218.887,720328.9483,10.15,0.017,2.078,12.166,8.71,0.055,0.149749723,0
3.303,1292271.686,49070.24423,7.919,0.047,1.692,12.087,8.57,0.163,0.03797208,0
3.54,2721840.16,322711.7911,8.871,0.01,2.903,14.435,8.57,-0.309,0.118563829,1
0.052,745601.3713,0,9.189,0.033,0.191,1.872,8.7,0.055,0,0
0.03,293722.5126,0,8.565,0.066,0.152,0.954,9.2,0.085,0,0
0.327,1700465.414,0,8.968,0.102,0.225,0.662,8.2,0.095,0,0
1.25,2916546.64,0,8.553,0.017,0.221,0.452,8.34,0.006,0,0
0,3595599.142,0,8.115,0.006,0.623,1.315,8.15,0.125,0,0
0.023,1101811.366,0,8.242,2.21,0.737,1.056,8.4,2.295,0,0
0.355,1246760.062,0,7.103,0.017,0.401,1.087,7.54,0.091,0,0
0.052,597584.8041,0,1.931,0.001,0.332,1.01,8.35,0.25,0,0
0.188,1096152.829,0,6.462,0.008,0.483,2.82,8.35,-0.509,0,0
1.245,10293416.49,105318.1288,6.825,0.015,0.466,18.511,7.89,0.183,0.010231601,0
0.428,2106219.311,113143.7806,7.063,0.019,0.697,17.339,7.76,0.02,0.053718898,0
0.868,389815.4964,50310.10376,7.715,0.006,1.754,17.523,8.12,-0.007,0.129061323,0
1.827,3372544.719,97313.10275,8.132,0.004,1.498,17.744,7.91,0.018,0.028854503,1
36.15,21699101.07,1310564.738,7.904,0.155,2.871,18.265,8.12,0.847,0.06039719,0
5.915,2868320.639,469130.4238,9.331,0.1,4.353,18.43,7.8,0.325,0.163555782,0
6.545,6257029.798,601815.9947,9.103,0.024,1.997,18.906,8.21,0.117,0.096182376,0
1.043,1110230.299,0,6.176,0.125,1.629,18.261,8.3,0.213,0,0
1.892,4070989.608,139864.3829,7.504,0.01,1.629,19.634,8.3,-0.376,0.03435636,0
0.57,12032904.21,107352.9073,6.809,0.017,0.525,18.335,7.97,0.14,0.008921612,0
0.517,2510042.421,204925.8683,8.227,0.014,0.87,17.452,7.68,0.027,0.081642392,0
0.51,478193.8636,15630.82635,8.317,0.1099,1.539,18.034,8.2,0.1539,0.032687217,0
0.695,4594107.128,121342.4146,7.719,0.096,1.45,17.428,7.86,0.088,0.026412622,0
0.783,20327205.52,157496.9898,7.535,0.15,4.763,18.351,8.23,0.411,0.007748089,0
1.543,6824330.566,311245.7368,8.426,0.04,4.104,18.937,8.1,0.181,0.045608244,0
2.59,6875360.309,193414.5144,8.475,1.848,2.358,18.601,8.26,2.108,0.028131546,0
1.097,861468.0556,0,6.029,-0.001,1.606,18.471,8.5,0.144,0,0
1.15,3983000.475,220641.9823,7.084,0.019,1.574,19.57,8.5,-0.384,0.055395922,0
0,1297632.82,0,6.125,0.006,0.209,21.542,8.24,0.074,0,0
0.348,422454.2926,76149.41994,6.277,0.211,0.564,22.774,8.3,0.323,0.180254814,0
0.295,5092988.786,53204.94295,7.598,0.561,0.396,22.551,8.24,0.585,0.010446703,0
1.115,2906571.81,107424.0645,6.804,0.063,0.365,22.476,8.15,0.018,0.036959026,0
0.832,10086977.78,236088.4325,6.379,-0.001,0.691,21.055,8.21,0.099,0.023405269,0
0.157,2252979.507,209163.4097,6.087,0.26,1.115,22.355,8.14,0.285,0.092838576,0
0.403,1200695.749,74509.39009,6.847,-0.01,0.741,22.429,8.18,0.217,0.062055179,0
0.138,339600.2346,0,5.368,0.055,0.611,22.699,8.2,0.128,0,0
0.4,1129386.191,79559.51061,5.072,0.009,0.635,25.817,8.2,-0.518,0.070444912,0
0.245,15730898.35,0,7.977,0.002,0.122,6.031,8.4,0.013,0,0
0,3587575.557,0,6.345,0.003,0.235,6.176,8.42,-0.081,0,0
0.213,0,0,6.855,0.008,0.436,6.498,8.3,0.022,0,0
0.45,2989312.648,0,7.385,0.005,0.423,6.507,7.82,-0.002,0,0
0.097,6394321.558,0,6.206,0.116,0.894,6.625,9.03,0.358,0,0
0.04,2395879.564,0,7.276,-0.04,1.484,6.851,8.31,0.152,0,0
0.375,4937357.341,0,7.593,0.005,1.104,6.808,8.11,0.101,0,0
0,448107.1927,0,6.404,0.045,0.634,6.592,7.86,0.06,0,0
0.172,3798040.324,0,5.47,0.009,0.851,8.324,7.86,-0.449,0,0
0.155,2308606.51,141567.0997,5.434,0.007,0.222,10.55,8.79,0.104,0.06132145,0
0,3997691.948,370306.8247,5.591,0.006,0.392,10.149,9.13,0.054,0.092630155,0
3.922,1192785.978,484964.0832,6.343,0.0054,0.665,10.493,9.3,0.0724,0.406580973,0
1.467,3761453.392,164436.1881,6.212,0.053,0.356,10.299,8.81,0.013,0.043716131,0
1.06,4217151.995,62799.52953,6.097,2.494,1.058,10.633,8.81,2.83,0.014891455,0
0,1566067.266,0,6.964,0.07,1.884,10.813,9.15,0.385,0,0
0.455,1724765.352,89555.73903,7.705,0.016,1.996,10.453,9.38,0.488,0.051923433,0
0,1234507.288,0,3.998,0.021,1.009,10.277,9.07,0.004,0,0
0.102,2999524.995,58757.71367,4.666,0.041,0.989,10.952,9.07,-0.388,0.019589006,0
0.403,3124772.627,0,8.447,0.006,0.313,4.986,8.7,0.057,0,0
0,0,0,8.138,0.696,3.01,4.577,7.9,0.714,0,0
0.095,3145036.667,0,9.538,0.399,1.097,5.461,8.36,0.619,0,0
1.023,2035126.822,0,10.13,0.017,0.619,4.524,8.6,-0.019,0,0
0,3867276.177,0,9.352,0.005,1.249,5.044,8,0.171,0,0
0.035,1812949.447,0,8.49,0.06,1.131,4.753,7.88,0.141,0,0
0.412,2454280.252,0,9.217,-0.01,0.892,4.817,8.27,-0.024,0,0
0,290230.833,0,6.491,0.017,0.871,4.928,7.59,0.122,0,0
0,3873587.718,0,6.999,0.083,0.521,8.802,7.59,-0.42,0,0
0.265,1591173.627,0,4.753,0.006,0.346,10.698,8.4,0.183,0,0
0,0,0,4.189,0.01,0.439,10.448,8.3,0.019,0,0
0.72,0,11873.93854,5.254,0.0378,0.822,11.313,8.32,0.1368,0,0
0.995,4359068.687,42735.51587,5.097,0.027,1.17,10.723,8.1,0.088,0.009803818,0
0.19,27437308.11,152294.1693,4.482,0.007,1.868,12.05,8.2,0.413,0.005550624,0
0.188,7221757.049,396235.1732,5.61,0.04,2.656,11.511,8.19,0.316,0.054866866,0
0.412,2939182.438,0,5.697,0.123,1.78,11.817,7.98,0.293,0,0
0.123,1733999.047,0,6.618,0.056,1.198,11.357,7.91,0.019,0,0
0.358,4837506.412,0,1.923,0.019,1.779,11.952,7.91,-0.282,0,0
0.043,5971194.129,0,4.496,0.005,0.261,8.019,8.67,0.187,0,0
0.058,4141440.053,0,4.879,0.039,0.49,7.888,8.96,-0.02,0,0
0.11,1882289.647,0,5.644,0.1335,0.828,8.279,8.6,0.1395,0,0
1.332,3253916.861,0,7.147,0.008,1.012,8.101,8.71,0.013,0,0
0.105,4246335.908,0,5.296,0.197,1.658,8.155,8.61,0.401,0,0
0,1064702.402,0,6.617,0.15,2.363,8.116,8.67,0.351,0,0
0.445,2007846.263,0,6.822,0.002,1.697,7.923,8.65,0.053,0,0
0.142,1266814.814,0,3.831,0.013,1.004,7.102,8.26,0.082,0,0
0.803,4089657.753,58812.72229,2.48,-0.002,0.674,7.036,8.26,-0.474,0.014380842,0
0.438,2124202.632,144056.9302,6.918,0.005,0.158,25.375,8.39,0.07,0.067816944,0
0,452466.9365,16025.88893,6.62,0.169,0.441,22.851,8.11,0.183,0.035418917,0
0.455,5000566.988,0,7.171,0.162,0.521,22.666,8.15,0.151,0,0
1.342,4056313.019,161447.292,6.57,0.012,0.607,21.666,8.19,-0.032,0.039801488,0
0.142,13544367.78,177326.5296,6.652,0.009,0.774,22.054,8.35,0.304,0.013092271,0
0.15,10474675.97,761645.558,7.585,0.07,1.383,23.226,8.1,0.251,0.072713042,0
1.235,3033694.176,363738.5829,6.295,-0.009,0.833,23.057,8.2,0.071,0.119899555,0
0.243,521377.574,0,5.141,0.019,0.608,22.736,8.3,0.059,0,0
0.587,1502384.969,0,2.337,0.006,0.494,25.578,8.3,-0.496,0,0
0.305,2123414.826,0,4.55,0.021,0.271,11.351,8.02,0.231,0,0
0,1871300.003,0,4.264,0.076,0.471,10.966,8.21,0.026,0,0
0.065,534410.0579,0,4.911,0.005,1.41,11.644,8.41,0.072,0,0
2.442,5249318.514,0,5.032,0.043,1.011,11.982,7.92,0.02,0,0
0.282,9291648.618,0,4.85,0.283,1.562,12.478,8.32,0.582,0,0
0.5,1258385.339,0,5.985,0.19,2.699,12.075,8.5,0.498,0,1
14.75,6792165.564,810610.6995,6.5,0.029,2.658,12.592,9.12,0.242,0.119344956,0
0,1318050.643,0,5.802,0.006,2.316,12.27,8.19,0.346,0,0
0.14,2552206.762,53758.57668,4.201,0.021,2.773,14.526,8.19,-0.256,0.021063566,1
0.605,1702953.888,126765.1436,7.805,0.009,0.338,6.751,9.05,0.133,0.074438389,0
0.085,278948.9063,25928.53105,7.07,0.042,0.425,6.768,9.68,0.094,0.092950825,0
0.6,1706779.751,51651.40133,8.283,0.063,0.856,6.961,8.9,0.126,0.030262488,0
0.165,7330689.882,0,3.009,0.013,0.574,17.122,8.28,0.203,0,0
0.072,20584751.59,0,2.463,0.008,0.427,15.675,8.66,0.06,0,0
0,26084855.59,0,2.842,0.033,0.216,17.162,8.33,0.173,0,0
0.04,5166165.168,0,2.16272,0.018,-0.1,17.524,8.14,0.327,0,0
0,9275713.057,0,2.14304,0.035,0.438,17.056,7.94,0.2,0,0
0.325,2314562.845,0,7.446,0.285,1.127,9.853,7.5,0.698,0,0
0.09,13871910.9,0,1.744,0.03,-0.016,14.996,8.08,0.591,0,0
0,2844838.978,0,2.233,0.02,0.625,15.179,8.17,0.299,0,0
0.375,4559846.987,0,2.359,0.044,0.107,14.785,8.05,0.455,0,0
0.112,8824172.163,0,1.73,0.003,0.975,14.5,7.74,0.254,0,0
0.357,5090541.331,0,2.253025524,0.009,0.424,14.148,8.31,0.246,0,0
0.24,2768779.043,0,9.334,0.022,0.726,13.76,8.13,0.359,0,0
0.322,1877167.546,0,1.658,0.005,0.932,13.369,7.96,0.326,0,0
0.293,2213666.028,0,2.03327,0.002,0.911,13.095,8.28,0.208,0,0
0.13,39500757.67,0,4.529,0.077,0.643,15.363,8.02,0.333,0,0
0.165,12266782.58,0,5.867,0.223,1.025,15.848,8.11,0.638,0,0
0,4107529.267,0,2.943,0.066,0.45,16.973,8.08,0.267,0,0
0.073,4975540.214,0,3.09584,0.015,1.088,14.145,8.14,0.278,0,0
0,3093029.204,0,2.82048,0.004,0.057,14.712,8.2,0.171,0,0
0.172,4043791.6,0,4.789,0.195,0.818,11.517,7.48,0.537,0,0
0,9329844.454,0,3.819,0.08,0.984,13.022,7.87,0.349,0,0
0.493,1248356.098,5095.860616,3.349,0.005,1.295,13.114,7.89,0.154,0.004082057,0
0.773,13373685.66,32030.37916,4.056,0.011,0.999,14.025,8.01,0.376,0.00239503,0
0.227,2606222.229,44411.58875,3.933,0.009,1.464,12.864,8.2,0.292,0.017040599,0
0.015,2488027.073,139743.7724,3.96255046,0.015,1.906,13.594,NA,0.503,0.0561665,0
0.55,3254939.276,122604.3398,3.612,0.021,1.883,13.203,8.11,0.316,0.037667167,0
0.327,2560434.776,372508.2505,4.538,0.042,1.633,13.732,8.22,0.401,0.145486327,0
0.688,1546123.706,18328.56507,4.076,0.112,2.274,12.845,8.51,0.509,0.011854527,0
5.722,2690249.056,298237.3815,2.061,0.289,1.87,12.001,8.5,0.868,0.110858651,0
0.075,5880570.919,0,3.427,0.021,1.069,21.765,8.27,0.068,0,0
0.045,14852953.72,0,3.595,0.021,1.069,22.245,8.27,0.096,0,0
0,6656738.866,0,3.242,0.048,0.93,22.539,8.27,0.178,0,0
0.087,3991132.453,0,3.21536,0.003,1.101,22.113,8.3,0.289,0,0
0,3859680.535,0,3.4366,0.003,0.611,21.807,8.3,0.165,0,0
0.295,7005453.601,0,3.41,0.001,0.599,22.365,8.2,0.16,0,0
0,2743689.106,0,3.053,0.002,0.894,22.432,8.46,0.126,0,0
0.12,6487440.689,143359.4076,2.964,0.002,0.683,21.903,8.4,0.112,0.022097991,0
0.57,4741659.156,0,2.843,0.001,0.704,22.24,8.31,0.308,0,0
0,12563573.51,0,3.188,0.004,0.888,22.389,8.4,0.297,0,0
0,2918236.176,0,3.21421756,0.008,1.312,22.903,8.71,0.422,0,0
0.28,3901603.253,0,2.99,0.004,1.363,23.735,NA,0.171,0,0
0.085,1546009.748,85860.88414,2.767,0.005,1.368,24.834,8.33,0.226,0.055537091,0
0.213,4513695.417,0,2.686,0.009,1.504,22.654,8.66,0.15,0,0
0.638,3626053.419,0,2.704,0.008,1.236,23,8.91,0.133,0,0
0,9050933.664,0,3.411,0.005,0.482,16.636,8.2,0.004,0,0
0.213,7089813.512,0,3.925,0.002,0.592,15.072,8.15,0.043,0,0
0,1970650.576,0,2.943,0.033,-0.026,16.224,7.94,0.126,0,0
0.272,1980972.472,0,3.07712,0.007,0.457,16.076,8.27,0.259,0,0
0,1564107.251,0,3.30812,0.01,0.439,16.515,8.2,0.233,0,0
0.052,4802230.665,0,3.59,0.003,0.095,16.408,8.3,-0.088,0,0
0,1242421.396,0,3.212,0.002,0.336,14.89,8.33,0.271,0,0
0.29,4035214.817,0,3.271,0.002,0.649,15.045,8.15,0.177,0,0
1.053,14447079.25,0,3.376,0.001,0.776,16.051,8.36,0.147,0,0
0,5709767.435,0,3.668,0.004,0.272,3.748,8.1,0.155,0,0
0,2064289.844,3584441.008,3.470313708,0.005,1.152,17.296,8.31,0.224,1.736403935,0
0.228,8183314.796,1980573.341,5.954,0.009,1.988,16.904,8.56,0.279,0.242025804,0
0.115,2247145.06,570061.7392,4.002,0.004,1.366,17.949,8.51,0.114,0.253682661,0
0.395,4553775.452,0,3.163,0.01,1.203,16.211,8.8,0.163,0,0
0.278,1701740.361,0,5.12699,0.004,1.17,16.721,8.89,0.142,0,0
0.43,3365208.081,33526.05872,8.11,0.004,1.986,12.436,8.43,0.203,0.009962551,0
0.827,14332414.89,40573.42755,7.394,0.001,0.887,12.757,8.34,0.098,0.002830886,0
0.038,2978194.921,16194.66786,6.728,0.016,0.727,12.828,8.14,0.072,0.005437746,0
0.455,4207173.927,0,6.87584,0.002,1.227,12.354,8.31,0.232,0,0
0.658,2467258.145,21525.22266,6.78876,0.001,0.936,13.511,8.32,0.211,0.00872435,0
0.612,6752266.521,181666.5629,6.943,0.004,0.856,12.163,8.52,0.173,0.026904531,0
0.485,1869888.919,63697.43038,6.399,0.006,0.815,11.891,8.06,0.248,0.034064821,0
0.285,5331446.654,202103.2916,6.593,0.002,0.955,12.53,8.11,0.1,0.037907777,0
0.895,8352757.32,445810.7275,6.278,0,0.967,13.281,8.1,0.26,0.053372882,0
0.92,9481133.773,301083.9406,6.591,0.003,1.32,12.415,8.42,0.231,0.031756111,0
0.808,3372132.67,315445.7894,6.174622512,0.004,0.866,12.57,NA,0.347,0.093544893,0
0.68,21056168.38,987669.5223,4.287,0.003,1.094,12.944,8.48,0.238,0.046906422,0
0.91,3280359.254,446799.5898,6.043,0.005,1.006,13.083,8.41,0.227,0.136204469,0
0.697,1703452.558,105511.8728,4.751,0.006,1.179,13.109,8.54,0.12,0.061940013,0
1.368,1993515.646,139586.1113,4.33,0.003,1.074,11.861,8.71,0.082,0.070020073,0
0.19,8539917.371,0,6.207,0.001,0.547,14.188,8.42,-0.028,0,0
0.245,7369183.778,0,6.216,0.001,0.569,13.32,8.46,0.03,0,0
0,3241474.546,0,5.155,0.004,0.644,13.285,8.5,0.05,0,0
0.13,2903910.33,103109.9551,5.11616,0.002,0.794,13.609,8.62,0.3,0.035507279,0
0.15,3658940.314,14899.08832,5.68792,0.001,0.854,13.312,8.61,0.187,0.004071968,0
0.213,5848961.61,70136.99505,5.723,0.001,0.692,13.186,8.61,0.088,0.011991358,0
0.22,11728722.49,10477.55499,6.546,0.006,12.831,13.654,8.3,0.727,0.000893324,0
0.607,7804034.729,68280.83636,5.19,0.003,0.765,13.653,8.71,0.205,0.008749428,0
0.685,2634354.516,184965.1887,5.081,0.031,0.85,13.879,8.6,0.262,0.070212717,0
0.992,3216844.178,151530.3576,5.465,0.002,0.88,13.739,NA,0.24,0.047105284,0
0.885,3477619.188,105519.5837,5.391866299,0.009,0.729,13.084,8.25,0.299,0.030342478,0
1.288,3506102.981,44189.39496,5.383,0.003,1.144,13.509,8.6,0.292,0.012603564,0
2.325,1870040.202,0,5.003,0.006,0.857,15.064,NA,0.099,0,0
6.535,4101650.984,540067.5302,3.712,0.005,0.935,13.386,NA,0.238,0.131670767,0
4.472,2376391.254,222738.6953,3.924,0.003,1.674,14.842,8.25,0.124,0.093729808,0
0,9273979.006,0,5.711,0.01,1.346,20.692,8.35,0.038,0,0
0.12,8453125.902,107328.5099,2.161,0.003,1.571,21.891,8.45,0.125,0.012696902,0
0,10143998.35,0,4.869,0.002,1.071,22.843,8.62,0.067,0,0
2.878,4574559.041,96733.40817,5.53808,0.006,1.522,22.006,8.59,0.303,0.021145952,0
0.243,2832976.693,6767.502992,5.34,0.005,1.34,22.272,8.5,0.094,0.002388831,0
0.105,12453652.54,39940.29836,4.637,0.003,1.437,21.328,8.52,0.28,0.003207115,0
0.805,2262819.017,7283.374868,5.157,0.004,1.835,20.701,8.76,0.236,0.003218717,0
1.58,24555218.12,206556.0529,5.08,0.005,1.741,22.211,NA,0.283,0.008411901,0
0.07,6370613.769,0,5.404,0.002,1.949,8.62,8.51,0.299,0,0
0.01,15528770.76,0,5.363429649,0.008,1.786,23.952,8.59,0.311,0,0
0.363,6694682.677,0,4.898,0.005,1.769,23.641,8.65,0.209,0,0
0.185,3823190.525,0,5.47,0.001,1.79,25.856,8.59,0.25,0,0
0.412,2524517.442,0,4.535,0.004,1.904,23.584,9.93,0.192,0,0
0.095,10409928,0,6.474,0.005,0.507,22.859,8.49,0.001,0,0
0.01,6859269.707,0,5.742,0.01,0.547,23.133,8.47,0.059,0,0
0,3587838.551,0,5.41,0.003,1.337,23.51,8.77,0.142,0,0
0,3404171.734,0,5.43008,0.008,1.487,23.139,8.55,0.445,0,0
0,2036428.724,0,5.62806,0.009,0.559,23.226,8.72,0.175,0,0
0.295,5796662.43,0,5.695,0.007,1.684,23.038,8.57,0.511,0,0
0,1906858.569,0,5.336,0.002,0.676,22.999,8.3,0.249,0,0
0.213,7452217.346,0,5.065,0.007,0.813,22.638,8.59,0.176,0,0
0.382,11035829.79,0,5.624,0.003,0.801,22.879,8.4,0.17,0,0
0.345,4132592.164,0,5.146,0.002,0.736,14.189,NA,0.145,0,0
0.023,2284001.144,0,5.290425617,0.002,3.633,22.645,8.3,0.395,0,0
0.3,2540970.083,182129.8116,5.084,0.004,0.657,22.497,8.35,0.195,0.071677275,0
0.09,1623551.825,147949.4113,4.535,0.004,0.622,24.658,NA,0.112,0.091127003,0
0.4,2312831.327,20091.44088,4.09,0.006,0.74,22.961,NA,0.185,0.008686946,0
0.373,1960904.927,0,4.153,0.002,0.615,22.437,8.44,0.047,0,0
0.248,1942220.061,0,5.41568,0.001,1.036,47.227,8.68,0.311,0,0
0.255,2377087.206,0,5.37548,0.002,1.298,46.495,8.65,0.142,0,0
0.637,0,0,5.139,0.001,1.078,43.325,8.23,0.044,0,0
0,1797047.792,25781.69547,5.069,0.001,1.162,42.446,8.89,0.257,0.014346694,1
8.43,7644553.47,347249.9386,6.284,0.003,2.07,43.404,8.93,0.284,0.045424489,0
1.87,1653142.389,100198.8378,4.439,0.016,1.619,39.808,9.06,0.252,0.060611136,0
0.788,13590534.87,27232.54894,3.989,0.004,1.428,39.669,8.87,0.257,0.002003788,0
0.68,1540907.036,0,4.737823344,0.002,1.432,40.909,8.73,0.142,0,0
1.148,5928640.787,148113.4147,4.243,0.002,1.596,40.977,8.56,0.147,0.024982693,0
0.282,7357735.14,373975.5454,4.018,0,1.239,42.556,7.9,0.198,0.050827536,0
0.555,9314628.624,743295.1129,3.1,0.003,1.126,43.178,8.52,0.131,0.079798685,0
0.403,0,0,2.999,0.002,1.139,42.453,8.68,0.142,0,0
0.105,17827673.19,19925.30816,6.634,0.001,0.692,8.431,8.7,0.072,0.001117662,0
4.06,7164421.175,342673.2137,6.933,0.001,1.11,7.711,8.7,0.099,0.047829853,0
0.72,16747342.16,132632.4104,5.832,0.009,1.21,8.533,8.35,0.154,0.00791961,0
1.102,3340559.237,63151.58266,6.02336,0.006,1.599,8.343,8.78,0.238,0.018904494,0
0.913,5115320.374,123757.1005,6.42084,0.005,1.663,8.873,8.26,0.319,0.024193421,0
3.08,3902881.658,240516.3317,6.371,0.033,1.314,8.881,8.45,0.411,0.06162532,0
3.225,9000304.991,1044396.262,5.705,0.054,1.367,8.338,8.45,0.544,0.116040097,0
7.44,3112102.931,150668.8426,6.811,0.014,2.568,7.945,9.71,0.429,0.048413837,0
4.26,29816278.42,510443.7914,6.777,0.025,2.154,8.946,NA,0.416,0.017119635,0
3.133,5098688.604,575240.4324,6.781,0.017,1.911,16.176,8.83,0.506,0.112821252,0
3.83,4526253.743,0,6.118414397,0.127,2.144,9.703,NA,0.775,0,0
2.743,7995027.168,117661.1826,5.51,0.127,1.875,8.691,8.74,0.569,0.014716796,0
1.87,5413418.593,0,6.124,0.127,1.405,9.807,8.97,0.578,0,0
0.79,4087950.424,55131.14281,3.867,0.146,1.993,8.094,9.52,0.637,0.013486255,0
0.965,8159750.532,30984.54787,4.044,0.164,1.888,8.856,9.47,0.549,0.003797242,0
0.12,1990927.786,0,8.542,0.099,0.617,21.082,8.5,0.18,0,0
0.18,5736281.704,0,8.398,0.174,0.796,19.807,7.98,0.411,0,0
0,6627660.309,0,5.578,0.008,1.334,22.348,8.68,0.13,0,0
0.317,2225971.363,20447.81222,5.276,0.01,0.981,22.348,8.62,0.184,0.009186018,0
0,1543303.238,0,5.24408,0.002,0.708,22.581,8.63,0.231,0,0
0.177,1261520.805,0,6.132,0.043,0.599,22.225,8.43,0.199,0,0
0.043,4686315.984,0,5.105,0.002,0.529,22.3,8.3,0.113,0,0
0.407,3781385.864,4884.998361,4.976,0.004,2.979,22.644,8.59,0.435,0.001291854,0
0.462,6698696.569,27508.50212,5.328,0.003,0.575,22.603,8.2,0.111,0.004106545,0
0.32,1998381.54,0,4.875,0.003,0.732,22.377,NA,0.136,0,0
0.582,3741134.517,0,5.116313496,0.005,0.62,22.683,8.3,0.166,0,0
0.295,2729316.475,0,2.049,0.002,0.603,22.655,8.29,0.624,0,0
0.072,2324153.335,0,4.811,0.002,0.523,23.961,NA,0.09,0,0
0.428,976847.3581,16770.42492,4.176,0.004,0.751,22.887,NA,0.128,0.017167907,0
0.257,1840475.369,0,3.954,0.002,0.568,21.999,8.2,0.203,0,0
2.617,1517106.308,0,7.247,0.019,0.757,9.518,7.9,0.087,0,0
5.293,7761943.502,37111.59301,6.119,0.018,0.897,9.076,8.03,0.129,0.004781224,0
2.102,3002227.609,67117.88815,5.949,0.026,0.9,9.649,8.06,0.173,0.022356029,0
2.655,5735041.881,0,5.62592,0.003,0.954,9.468,8.58,1.087,0,0
1.098,1739712.824,6114.825103,5.90546,0.016,0.706,10.011,NA,0.214,0.003514847,0
7.275,4388493.245,34998.49877,5.741,0.009,0.889,9.493,8.43,0.192,0.00797506,0
0.88,3192049.249,24293.19608,5.727,0.006,0.853,9.33,8.61,0.189,0.007610533,0
0.155,9061991.812,304993.7115,6.067,0.003,1.64,9.932,9.25,0.29,0.033656366,0
0.71,3278074.691,437559.5368,6.234,0.001,1.189,10.153,9.15,0.249,0.133480649,0
3.425,20671092.83,641367.2699,5.285,0.004,1.48,10.152,9.01,0.247,0.031027255,0
0.33,5221624.413,583378.6778,6.092139597,0.005,1.667,9.782,8.85,0.268,0.1117236,0
0.145,0,0,4.724,0.003,0.929,9.624,8.33,0.167,0,0
0.407,3631574.71,64867.01372,6.191,0,1.241,10.408,NA,0.241,0.017861952,0
0,1554085.349,0,4.984,0.004,0.956,8.866,8.45,0.106,0,0
1.48,847558.9002,60342.23065,4.962,0.004,1.278,10.032,NA,0.246,0.071195324,0
0,1741364.322,0,8.307,0.002,0.543,2.017,7.98,0.186,0,0
0,2418922.484,0,7.3352,0.001,0.604,1.356,8.13,0.292,0,0
0.17,1354808.939,0,9.04738,0.004,0.7,2.173,8.29,0.209,0,0
0.175,1817512.113,0,9.331,0.003,0.954,2.206,8.38,0.165,0,0
0,4629967.598,0,7.864,0.001,0.636,1.873,8.26,0.103,0,0
0.135,4644391.132,0,8.966,0.005,0.816,1.775,7.96,0.119,0,0
0.765,8836172.918,0,8.123,0.001,0.702,2.188,7.87,0.182,0,0
0.082,4711695.845,0,5.822,0.005,0.615,1.964,8.57,0.129,0,0
0,2395227.893,0,7.690911264,0.002,0.527,1.544,8.25,0.261,0,0
0.242,2523382.327,0,7.479,0.003,0.561,1.68,7.92,0.167,0,0
0,3245606.431,122867.9079,4.417,0.002,0.518,2.364,8.23,0.096,0.037856687,0
0.413,3216102.217,0,6.657,0.003,0.506,1.447,8.16,0.135,0,0
0.2,1288490.099,0,6.317,0,0.51,3.268,NA,0.113,0,0
0,16283447.66,0,6.749,0,0.673,12.002,8.22,0.019,0,0
0.032,11321335.41,0,6.545,0.002,0.803,12.054,8.27,0.102,0,0
0,3843328.914,0,6.276,0.003,0.879,12.849,8.76,0.084,0,0
0.013,3782459.25,0,6.3416,0.004,0.964,11.511,8.19,0.317,0,0
0,1274799.599,0,6.18286,0.005,0.751,12.024,8.3,0.228,0,0
0.097,2637802.415,0,5.365,0.003,0.9,12.507,8.15,0.175,0,0
0,6660174.575,17622.77983,5.765,0.005,0.865,12.237,8.23,0.15,0.002645994,0
0.172,2687454.252,0,5.679,0.011,1,11.932,8.77,0.189,0,0
0.663,9112622.488,0,5.398,0.001,1.076,12.395,8.62,0.241,0,0
0.177,3530067.462,0,5.996,0.004,0.999,12.2,8.35,0.279,0,0
0.023,3003818.709,0,5.555335464,0.01,1.08,12.105,8.79,0.225,0,0
0.48,7525890.73,0,4.998,0.002,1.125,12.561,8.31,0.392,0,0
0.07,3834234.652,113697.2845,5.332,0.003,1.039,12.607,8.6,0.445,0.029653189,0
0.493,8005178.615,0,4.598,0.008,1.077,12.412,8.64,0.262,0,0
0.322,4076407.788,0,4.496,0.004,0.903,11.97,8.78,0.095,0,0
0.24,4813082.702,0,5.928,0,0.554,8.915,8.48,0.032,0,0
0.673,7832440.807,0,5.341,0.001,0.687,8.737,8.53,0.065,0,0
0,2483260.256,0,6.194,0.02,0.567,8.809,8.54,0.081,0,0
0.267,2841063.116,0,5.0456,0.002,0.681,8.87,8.48,0.22,0,0
0.06,3028504.235,0,5.19444,0.001,0.692,8.852,8.42,0.146,0,0
0.45,7361112.649,46015.18449,5.888,0.002,1.455,9.255,8.46,0.17,0.006251118,0
0.003,1544610.845,9588.943329,4.853,0.003,1.283,9.554,8.35,0.223,0.006207999,0
0.332,3922337.279,0,5.157,0.003,1.29,9.022,8.4,0.22,0,0
0.69,3131912.804,0,4.851,0,1.048,9.445,7.71,0.233,0,0
0.76,5147959.384,20127.68395,4.781,0.007,1.125,9.045,NA,0.186,0.003909837,0
1.142,1153001.042,0,4.710051879,0.004,1.042,8.956,8.29,0.294,0,0
1.005,4850019.026,0,4.021,0.006,1.007,10.255,NA,0.188,0,0
3.575,1745085.295,144503.7278,4.228,0,0.918,9.043,8.17,0.243,0.082806112,0
1.678,2511378.436,0,3.762,0.005,0.817,9.805,NA,0.086,0,0
0.013,8712467.628,27538.47328,7.829,0.099,1.416,18.416,7.71,0.26,0.003160812,0
0.133,3278311.918,7787.782526,7.284,0.089,1.373,17.628,7.78,0.26,0.002375547,0
0,3322878.981,28749.05813,6.877,0.084,1.303,17.009,7.85,0.251,0.008651852,0
0.047,3176999.503,26157.54155,7.364,0.017,1.665,15.976,8.91,0.243,0.008233411,0
0.63,1892272.174,56011.52636,7.8239,0.033,2.334,15.343,8.9,0.342,0.029600143,0
0.218,4436599.372,16034.57168,12.99,0.024,3.251,18.6,8.9,0.333,0.003614158,0
0.063,6188071.958,187692.9749,7.457,0.089,1.272,10.536,7.9,0.423,0.030331414,0
3.652,3787478.99,737524.3087,8.05,0.005,2.013,11.697,9.49,0.221,0.19472697,0
4.395,20814969.54,599411.0653,7.18,0.002,2.411,13.071,NA,0.321,0.028797115,0
2.695,17903452.47,774799.4907,7.729,0.004,2.145,12.578,9.64,0.45,0.043276541,0
3.057,3089033.795,0,7.538916537,0.117,1.735,12.158,9.81,0.699,0,0
2.235,3759457.76,0,7.025,0.177,1.738,13.947,NA,0.706,0,1
12.13,2843273.112,0,7.345,0.208,2.805,13.935,NA,0.837,0,0
6.967,7686568.429,481690.1557,5.537,0.215,2.155,12.617,9.62,0.76,0.062666476,1
10.948,6545314.755,347282.4908,5.503,0.206,2.239,13.943,NA,0.737,0.05305818,0
0.218,19331859.7,108178.1759,6.195,0.001,1.328,14.155,8.67,0.047,0.005595849,0
0.625,4895534.834,111896.5779,6.8,0.002,1.095,15.264,8.89,0.06,0.022856865,0
2.428,2964098,156264.2584,6.353,0.004,1.336,14.988,9.12,0.092,0.052718992,0
1.475,3755374.789,34922.01601,6.31136,0.001,1.298,13.856,8.85,0.264,0.009299209,0
0.273,3018699.473,0,7.2545,0.001,1.639,13.96,8.9,0.254,0,0
0.335,2715837.363,12611.81428,7.493,0.002,2.641,14.818,9.03,0.092,0.004643803,0
0.332,4789206.09,82065.86022,6.697,0.001,1.998,15.154,9.21,0.287,0.017135588,0
1.54,2320549.018,39846.54935,6.201,0.003,2.067,14.516,10.3,0.143,0.017171173,0
1.85,20613225.22,298714.4114,6.24,0.003,1.956,15.754,NA,0.425,0.014491396,0
0.325,3152660.699,106591.7949,8.613,0.007,1.479,6.53,8.85,0.244,0.033810107,0
0.067,3032639.13,0,6.189422874,0.005,1.665,15.787,9.05,0.38,0,0
0.38,12549173.94,0,3.666,0.005,1.785,16.375,NA,0.244,0,0
0.09,2727724.352,70076.18666,6.421,0.002,1.79,15.659,NA,0.31,0.025690348,0
0.515,7580440.275,0,4.78,0.008,1.587,15.673,9.34,0.339,0,0
0.612,6663947.629,13702.68812,4.86,0.003,1.454,15.889,NA,0.135,0.002056242,0
0.055,5719824.742,0,4.954,0.001,1.007,28.418,8.78,0.009,0,0
0.085,12942769.53,0,4.033,0,0.809,28.083,8.52,0.093,0,0
0,3966027.131,0,3.243,0.003,1.033,28.481,8.62,0.075,0,0
0.05,4036826.25,0,3.4544,0.001,0.789,27.782,8.65,0.164,0,0
0.045,2154408.383,0,4.19142,0.002,1.31,26.659,8.93,0.217,0,0
0.19,6356967.302,50761.89404,4.336,0.002,1.157,26.798,8.79,0.04,0.007985238,0
0,3007047.499,0,3.908,0.001,0.901,26.689,9.1,0.362,0,0
0.365,6931184.252,0,3.833,0.001,0.989,26.912,9.17,0.284,0,0
0.957,4457281.029,0,3.738,0.003,1.01,26.868,9.45,0.25,0,0
0.093,5890382.318,0,3.801,0.004,0.972,7.034,8.85,0.181,0,0
0,5715651.566,0,3.664880262,0.003,0.957,27.782,8.97,0.259,0,0
0.205,3350609.421,0,5.873,0.007,1.1,27.322,8.78,0.263,0,0
0,6832828.689,0,6.592,0.001,0.848,31.002,8.5,0.012,0,0
0.262,9378112.42,0,5.752,0,0.898,29.573,8.39,0.065,0,0
0,22865930.22,0,5.382,0.004,0.976,31.023,8.41,0.079,0,0
0.032,6257700.61,8806.720745,4.828,0.004,0.994,31.104,8.47,0.387,0.001407341,0
0.047,5525485.627,0,10.87238,0.004,1.173,30.161,8.59,0.221,0,0
0.202,5164839.425,32821.88423,6.241,0.003,0.907,31.573,8.58,0.054,0.00635487,0
0.477,28304199.8,0,5.3,0,1.091,32.178,8.39,0.163,0,0
0.567,7967744.502,14749.51497,5.347,0.004,1.271,30.477,8.49,0.213,0.001851153,0
0.972,27631049.42,60835.9632,4.97,0.006,1.858,31.487,NA,0.232,0.002201725,0
0.298,4574543.942,89927.19434,4.742,0.003,1.231,23.382,8.84,0.325,0.019658177,0
0.023,15896326.59,22257.71679,5.006225411,0.005,1.44,33.271,NA,0.275,0.00140018,0
0.525,4231320.142,0,7.583,0.008,1.728,32.231,8.64,0.171,0,0
0.205,4359306.574,202746.5916,4.606,0.006,1.486,34.327,8.84,0.151,0.046508909,0
0.725,2039240.889,0,3.897,0.01,1.829,31.961,8.85,0.338,0,0
0.75,2094033.81,0,3.638,0.007,1.738,33.873,8.73,0.13,0,0
0.275,3932434.073,68226.48086,8.811,0.003,1.005,6.526,8.54,0.049,0.017349682,1
17.07,22753659.21,2093584.205,8.79,0.028,1.51,6.622,8.21,0.202,0.09201088,1
17.67,6906722.174,1238845.724,8.946,0.039,2.012,6.759,8.46,0.266,0.179368113,0
5.483,2788860.43,229947.0065,9.62336,0.004,2.067,6.714,9.35,0.21,0.082451959,0
5.385,2036400.378,38822.70159,10.7147,0.008,2.016,6.261,9.4,0.227,0.019064376,0
1.178,4798355.105,437726.0989,11.73,0.005,2.369,6.979,9.6,0.17,0.091224199,0
5.313,2247625.911,95780.8056,9.318,0.006,2.031,6.854,8.63,0.308,0.042614211,1
12.01,7466137.468,1884684.264,9.444,0.005,1.773,7.061,9.22,0.23,0.252430962,0
1.467,2841757.936,93521.55603,8.282,0,1.532,7.023,8.39,0.311,0.032909755,0
0.702,11800246.07,60187.78559,8.209,0.005,1.679,12.063,8.67,0.286,0.005100553,0
0.308,3928888.597,0,6.233,0.002,1.212,6.883,9.03,0.499,0,0
3.68,6419701.182,0,7.809,0.004,2.918,7.238,7.98,0.371,0,0
1.585,4302222.418,0,7.557,0.001,1.932,6.871,8.94,0.48,0,0
1.398,9114513.548,0,5.828,0.006,1.904,6.707,8.65,0.191,0,0
1.08,6040852.684,0,5.86,0.007,1.551,7.017,10.61,0.198,0,0
0.115,4347475.735,0,7.683,0,0.713,4.279,8.22,0,0,0
0.123,4900479.699,0,8.307,0.001,0.999,4.04,8.9,0.052,0,0
1.413,3171578.947,0,7.918,0.002,1.1,3.764,8.98,0.076,0,0
0.07,2636231.38,0,7.99616,0.001,1.388,3.601,9.23,0.158,0,0
0.093,1646448.937,0,8.47068,0,1.313,4.243,8.87,0.181,0,0
0.205,2333291.809,0,8.816,0.002,0.907,3.908,8.43,0.29,0,0
0.295,5630175.005,0,7.645,0,0.763,3.914,8.55,0.165,0,0
0.423,1517811.031,6753.577506,7.384,0.002,1.177,3.606,8.77,0.219,0.004449551,0
0.507,6149215.268,60951.01411,7.04,0.001,0.685,4.143,8.37,0.152,0.009911999,0
0.157,2966560.838,0,7.236,0.005,0.773,4.098,8.64,0.113,0,0
0.455,1075471.661,49421.26892,7.1291627,0.002,0.693,3.955,8.89,0.199,0.045953111,0
0.468,3659173.79,0,8.057,0.003,1.104,4.241,8.93,0.117,0,0
0.298,1627940.725,0,7.112,0.003,0.848,4.77,8.83,0.138,0,0
0.465,4939572.172,0,6.55828,0.002,0.955,3.808,8.96,0.171,0,0
0.688,931784.338,0,5.934,0,0.81,5.383,NA,0.075,0,0
0.085,6549423.616,77735.70141,7.169,0,0.789,13.237,8.4,0.054,0.01186909,0
0,26863608.07,0,6.421,0,0.781,12.207,8.2,0.09,0,0
0,54745287.81,0,6.917,0.004,0.986,13.304,8.34,0.171,0,0
0.2,9399961.372,22689.64809,6.22064,0.002,1.008,13.295,8.46,0.45,0.002413802,0
0.18,12486833.22,0,12.64628,0.002,1.323,13.59,8.49,0.291,0,0
0.38,3280550.874,6229.460716,5.438,0.002,1.056,13.12,8.52,0.039,0.001898907,0
0.068,26295810.6,0,5.703,0.001,1.061,13.381,8.49,0.229,0,0
0.69,2942282.887,6917.034896,6.222,0.003,1.076,12.226,8.31,0.125,0.002350907,0
5.485,7635179.876,0,7.483,0.006,1.384,13.636,NA,0.236,0,0
0.207,3158873.117,0,7.206,0.003,1.225,31.272,8.64,0.122,0,0
0.235,8156457.794,0,7.198674512,0.004,1.302,14.116,NA,0.252,0,0
0.632,5862592.401,0,4.109,0.003,1.374,13.24,8.48,0.286,0,0
0.338,5774237.861,81560.91476,7.046,0,1.346,15.098,8.73,0.309,0.014124966,0
1.287,2190341.971,0,7.452,0.003,1.365,13.293,8.7,0.234,0,0
0.623,1882182.512,0,5.811,0.002,1.476,14.086,8.62,0.148,0,0
0.3,1286236.653,0,4.422,0.001,0.725,14.8,8.42,0.026,0,0
0.095,18047189.25,0,3.751,0.004,0.874,14.463,8.63,0.064,0,0
0,14220842.41,0,3.38,0.006,0.926,14.505,8.33,0.092,0,0
0.095,3155871.119,0,3.4688,0.003,0.929,14.549,8.44,0.362,0,0
0.085,3116151.478,0,3.9184,0.001,0.922,14.551,8.44,0.284,0,0
0.232,1651594.425,0,4.29,0.013,1.327,13.493,8.08,0.269,0,0
0,11909672.13,0,4.316,0.005,1.145,12.791,8.57,0.431,0,0
0.213,2536950.794,4807.631504,3.894,0.008,1.247,14.514,8.32,0.215,0.001895043,0
0.608,11322753.16,0,3.573,0.003,1.488,14.153,8.89,0.193,0,0
0.368,4286896.097,0,5.477,0.008,1.364,15.002,8.84,0.249,0,0
0.135,5458846.42,0,4.17042071,0.004,1.628,15.123,8.66,0.371,0,0
0.298,3425320.761,247530.9411,2.798,0.01,1.986,15.353,8.49,0.178,0.07226504,0
2.523,8735255.223,492253.7453,4.604,0.01,3.515,16.286,9.43,0.317,0.056352532,0
0.97,1965156.573,193276.0097,3.033,0.008,2.836,14.672,9.06,0.305,0.098351456,0
0.498,1526306.152,0,3.564,0.004,2.508,13.522,9.41,0.343,0,0
1.242,8152747.328,294573.341,5.419,0.005,0.744,27.31,NA,0.66,0.036131788,0
0.01,2636543.46,91751.6094,4.939540635,0.004,0.734,13.711,8.39,0.201,0.034799961,0
1.64,3276362.007,44331.15984,5.346,0.005,2.484,13.604,8.62,0.289,0.013530605,0
3.422,1112452.045,0,5.078,0.004,1.021,15.558,NA,0.151,0,0
1.865,1459945.318,69670.68328,3.85,0.006,0.834,13.254,NA,0.544,0.047721433,0
1.903,1894276.882,99667.9263,3.861,0.002,0.961,14.494,8.46,0.062,0.052615289,1
0.918,5221742.475,167829.5148,8.603,0,1.079,12.625,8.6,0.036,0.032140519,0
1.205,15151361.9,27822.69669,7.994,0,0.794,12.424,8.11,0.049,0.001836317,0
0.57,2433071.429,48794.34805,7.615,0.03,0.907,13.422,8.19,0.133,0.02005463,0
0.712,2299467.279,175112.5704,7.83056,0.002,1.057,19.507,8.15,0.279,0.076153539,0
1.36,2472841.514,68564.90804,7.8531,0.001,0.943,12.927,8.31,0.189,0.027727174,0
6.94,10273272.32,2250624.744,8.081,0.001,2.214,12.427,8.53,0.478,0.219075741,0
1.08,3319606.361,157225.2664,7.039,0.001,0.936,12.515,8.06,0.207,0.047362624,0
1.86,6822319.14,866691.9232,7.895,0.002,1.861,12.865,8.4,0.143,0.127037728,0
3.142,11128967.31,1394381.643,7.362,0,1.359,13.492,8.44,0.143,0.125292995,0
2.53,8484373.4,693937.3098,8.149,0.004,1.482,12.084,8.24,0.306,0.081790048,0
1.418,10140685.59,335925.5629,7.99523331,0.004,1.297,13.226,NA,0.241,0.033126514,0
1.845,9550550.44,274670.4518,6.446,0.002,1.241,13.417,8.75,0.288,0.028759646,0
2.225,9543680.536,104992.8971,7.153,0.004,1.215,13.352,8.38,0.121,0.0110013,0
1.457,2136920.71,201168.281,5.378,0.007,1.277,12.719,8.54,0.189,0.094139329,0
1.53,2366193.898,183861.5699,5.334,0.003,1.214,12.049,8.72,0.064,0.077703509,0
0.155,1478105.895,0,7.815,0,0.569,2.113,8.3,0.049,0,0
0.115,11321946.96,0,7.194,0.001,0.478,1.438,8.73,0.054,0,0
0,7785781.925,0,6.43,0.001,0.479,1.276,8.69,0.042,0,0
0.093,2831037.75,0,10.3304,0.001,0.603,0.97,8.85,0.172,0,0
0.068,2426356.097,0,6.66758,0.002,0.446,1.152,NA,0.167,0,0
0.36,1418560.861,0,6.798,0.001,0.677,1.451,8.86,0.069,0,0
0.213,12038386.94,0,6,0,0.41,1.298,9.04,0.231,0,0
0.317,757965.945,0,6.391,0.003,0.346,1.422,8.98,0.193,0,0
0.56,2506749.074,0,5.554,0.003,0.467,1.143,8.86,0.189,0,0
0.108,8560448.29,0,5.941,0.009,0.393,1.385,8.46,0.231,0,0
0.44,3188095.255,0,5.65394911,0.003,0.463,1.232,8.52,0.342,0,0
0.29,4581010.533,0,5.701,0.003,0.455,1.247,8.61,0.246,0,0
0.105,1572672.284,0,5.69,0,0.442,1.037,NA,0.223,0,0
0.248,2151088.256,0,4.543,0.002,0.42,0.926,8.41,0.093,0,0
0.54,1168912.627,0,4.781,0.003,0.522,1.031,NA,0.065,0,0
0.505,5962303.335,61721.45823,8.296,0,1.017,19.013,8.38,0.004,0.010351949,0
1.992,10459518.29,56286.10815,9.396,0,1.084,18.807,8.21,0.061,0.005381329,0
0.56,3225202.762,0,7.224,0.002,1.185,18.98,8.5,0.067,0,0
1.818,4371008.24,529086.9439,8.08256,0.002,1.575,19.178,8.49,0.185,0.1210446,0
1.28,8295890.462,34982.53668,8.48382,0.001,1.274,20.234,8.5,0.206,0.004216851,0
1.663,6532969.273,81714.86223,8.395,0.003,0.935,19.793,8.6,0.21,0.012508074,0
1.725,9312485.193,44196.61139,7.928,0.002,1.167,19.165,8.24,0.226,0.004745952,0
2.403,21848333.09,181498.0004,7.953,0.003,1.343,19.664,8.42,0.231,0.008307178,0
0.928,23822386.91,258748.0451,8.08,0.001,1.107,20.487,8.32,0.351,0.01086155,0
0.51,38836830.62,123555.9354,8.435,0.003,0.844,21.004,8.34,0.123,0.003181411,0
0.4,9333237.613,0,8.229710952,0.005,1.698,21.159,8.44,0.191,0,0
0.745,7769237.607,0,9.488,0.002,1.727,20.87,8.28,0.394,0,0
0.41,12601052.11,106078.9751,8.403,0.006,1.366,22.245,8.58,0.199,0.008418263,0
0.742,1863638.007,0,2.802,0.006,1.534,20.982,0,0.351,0,0
0.587,3557734.428,0,6.089,0.008,1.512,21.252,8.86,0.318,0,0
0.49,12150766.56,64040.23286,9.51,0,1.008,19.093,8.4,0.023,0.005270469,0
0.567,14068625.9,64560.49541,8.807,0.001,1.07,19.131,8.2,0.044,0.00458897,0
0.49,2297313.698,0,8.048,0.002,1.145,19.113,8.5,0.077,0,0
3.447,3923053.334,540755.0084,8.25824,0.002,1.54,20.035,8.46,0.697,0.137840341,0
1.7,12549851.53,34421.57625,8.3641,0.002,1.232,20.256,8.8,0.195,0.002742788,0
0.597,4313445.398,0,8.738,0.004,1.304,20.07,8.4,0.185,0,0
1.097,4542738.652,54329.58851,7.69,0.001,1.23,19.826,8.32,0.246,0.011959655,0
0.842,20120570.26,0,7.796,0.003,1.144,19.708,8.4,0.174,0,0
0.85,20385459.19,270831.9125,7.932,0.001,1.579,20.154,8.35,0.244,0.013285544,0
0.767,34264970.51,0,4.546,0.008,1.54,20.312,8.35,0.172,0,0
0.202,11270131.6,119842.5811,8.534032998,0.004,1.494,20.91,8.5,0.416,0.010633645,0
0.695,13758546.86,0,4.741,0.004,1.645,21.304,8.37,0.234,0,0
0.327,5289556.591,0,8.606,0.003,1.578,22.132,8.62,0.167,0,0
0.533,4399617.406,0,5.945,0.005,1.362,20.379,NA,0.213,0,0
0.205,5121302.012,19207.22443,6.241,0.006,1.378,19.734,8.82,0.251,0.003750457,0
0.16,2883359.187,0,6.281,0.004,0.486,23.583,8.56,-0.006,0,0
0.21,7687091.178,0,5.618,0.003,0.461,21.605,8.41,0.057,0,0
0,8415253.698,0,4.852,0.002,0.523,23.111,8.55,0.035,0,0
0.142,3284819.698,0,5.1608,0.002,0.611,22.244,8.45,0.163,0,0
0.068,5359652.648,0,5.24408,0.003,0.548,23.2,8.49,0.148,0,0
0.127,742734.7607,0,5.757,0.004,0.621,23.286,8.34,0.024,0,0
0,8980331.658,0,5.127,0.002,0.58,22.589,8.2,0.123,0,0
0.368,1271472.585,9932.089439,5.026,0.008,0.745,22.8,8.42,0.136,0.007811485,0
0.482,7100811.198,120699.2576,5.44,0.001,0.693,23.106,8.4,0.265,0.016997953,0
0.213,2867687.101,56270.8809,5.274,0.006,0.664,22.741,NA,0.268,0.019622392,0
0.235,3307203.726,0,5.02551577,0.003,0.652,22.337,8.21,0.14,0,0
0.303,1733571.855,0,5.222,0.003,0.622,22.587,8.27,0.154,0,0
0.058,4123761.945,0,4.878,0.002,0.562,24.841,NA,0.284,0,0
0.522,1886034.126,59688.40176,4.078,0.003,0.752,22.826,NA,0.115,0.031647573,0
0.325,1375382.071,0,3.993,0.002,0.71,22.362,8.34,0.15,0,0
0,4907243.165,0,5.908,0.001,0.601,7.788,8.49,0.02,0,0
0.145,7302057.689,0,5.632,0.001,0.788,7.249,8.56,0.049,0,0
0,4610870.405,0,3.171,0.002,0.818,7.932,8.56,0.066,0,0
0.08,2151943.579,0,5.09312,0,0.879,7.444,8.61,0.251,0,0
0.015,2083483.424,0,5.39154,0.002,0.858,7.158,8.67,0.126,0,0
0.18,5807358.44,0,5.434,0.002,0.846,7.331,8.43,0.175,0,0
0,3721748.709,0,4.924,0,0.807,6.553,8.69,0.118,0,0
0,13097908.35,0,5.102,0.002,0.929,7.418,8.68,0.212,0,0
0.587,6514004.368,0,4.147,0.003,0.861,7.183,8.36,0.282,0,0
0.61,5138924.937,0,4.32,0.008,0.802,13.429,8.54,0.122,0,0
0.005,7298767.05,0,4.023,0.002,0.879,7.524,8.59,0.186,0,0
0.335,2546514.914,0,3.39,0.003,1.017,7.578,8.49,0.3,0,0
0,9178934.683,0,4.171,0,0.715,11.739,8.68,0.027,0,0
0.015,10357579.39,0,4.429,0,0.637,11.6,8.36,0.04,0,0
0,2508281.554,0,4.02,0.003,0.699,11.847,8.71,0.061,0,0
0.007,3313350.23,0,4.32416,0.003,0.737,11.31,8.46,0.198,0,0
0,2114482.284,0,4.61336,0.021,0.727,11.484,8.6,0.207,0,0
0.22,4672000.065,0,4.806,0.003,1.334,12.139,8.64,0.055,0,0
0.472,1663759.804,32885.89324,4.759,0.006,2.398,11.794,8.37,0.305,0.01976601,0
0.955,3265180.428,76104.10399,4.824,0.007,1.098,12.333,8.28,0.305,0.023307779,0
0.305,11108902.98,34626.76992,5.045,0.004,1.694,9.021,NA,0.207,0.003117029,0
0.38,2127811.844,0,6.22284841,0.009,2.996,12.742,9.08,0.257,0,0
0.592,11710463.41,233110.3055,5.526,0.052,3.021,13.951,NA,0.413,0.019906155,0
0.3,1636819.223,75396.53084,5.287,0.005,2.802,13.962,NA,0.254,0.046062833,0
0.98,8945337.795,0,4.064,0.009,2.442,13.715,NA,0.225,0,0
0.165,7610126.64,0,8.032,0.013,0.965,6.101,7.9,0.077,0,0
0.095,7113491.416,0,5.584,0.011,0.975,6.073,7.7,0.115,0,0
0,21044733.05,48556.12843,7.227,0.003,1.012,6.11,7.9,0.064,0.002307282,0
0,4075329.178,0,7.74704,0.001,0.983,6.096,8.35,0.288,0,0
0.115,4394064.789,0,7.70418,0.002,1.167,6.364,8.41,0.175,0,0
0.208,1837412.214,0,8.481,0.001,1.55,6.001,9.08,0.007,0,0
0,6947851.611,0,7.886,0,1.159,5.955,7.97,0.136,0,0
0.227,1710592.744,21827.03279,7.37,0.001,1.017,6.609,8.55,0.193,0.012759924,0
0.585,5829011.758,0,6.995,0,1.204,6.271,8.41,0.3,0,0
0.245,6268553.302,0,3.469,0.005,1.322,6.351,8.65,0.145,0,0
0.088,5887319.095,0,6.944407622,0.002,1.062,6.335,8.28,0.16,0,0
0.298,1776707.513,0,3.902,0.001,1.215,6.199,7.69,0.33,0,0
0.04,1887457.872,0,6.887,0,1.104,6.624,NA,0.153,0,0
0.267,6472662.849,290736.6555,5.565,0.001,1.068,6.004,7.73,0.269,0.044917627,0
0.463,2091919.963,0,5.866,0.001,1.127,6.261,NA,0.166,0,0
0.007,1885226.202,0,4.558,0.001,1.457,12.256,8.56,0.091,0,0
0.403,7692364.964,0,3.993,0.002,1.208,11.57,8.65,0.117,0,0
0,19591218.72,0,4.079,0.003,1.359,12.42,8.49,0.138,0,0
0.175,5903196.972,0,3.92672,0.004,1.569,11.965,7.97,0.301,0,0
0.243,2393434.307,0,3.56216,0.052,1.889,12.358,7.7,0.251,0,0
0.168,4660519.2,0,3.398,0.008,1.365,13.067,8.16,0.112,0,0
0,9731521.501,0,3.627,0.003,1.019,11.687,8.38,0.224,0,0
0.575,2325667.524,0,3.191,0.003,0.623,11.664,8.5,0.314,0,0
0.642,9923943.378,0,3.094,0.004,1.415,23.428,8.38,0.221,0,0
0.108,8719013.588,0,3.855,0.096,1.5,12.976,8.57,0.363,0,0
0.273,9209272.371,38613.29028,3.839491272,0.001,1.376,13.069,8.17,0.371,0.004192871,0
0.67,2174586.765,179323.8593,3.082,0.006,1.972,13.255,8.34,0.296,0.082463419,0
3.278,22373999.47,1068488.668,4.99,0.004,3.462,14.178,8.93,0.578,0.047755819,0
1.242,1699571.382,70259.9852,3.166,0.009,1.786,12.352,8.75,0.534,0.041339826,0
0.837,1408029.46,28843.76679,3.245,0.025,1.6,19.012,8.78,0.293,0.020485201,0
0.055,7181858.599,0,3.984,0.001,1.019,7.993,8.49,0.005,0,0
0.233,2243277.344,0,4.841,0.003,0.908,8.09,8.45,0.047,0,0
0,1933307.593,0,4.159,0.007,0.89,8.047,8.46,0.072,0,0
0.007,3693510.033,0,3.68624,0.002,1.046,8.019,8.43,0.205,0,0
0.005,2642180.023,0,3.40594,0.003,0.566,8.035,8.62,0.571,0,0
0.22,1291940.66,0,3.471,0.001,0.872,8.173,8.58,0.011,0,0
0,4938675.137,0,3.433,0.003,0.987,8.37,8.63,0.226,0,0
0.29,1621969.55,7064.487595,3.638,0.004,2.084,8.169,8.8,0.25,0.0043555,0
0.565,6399154.943,0,3.886,0.002,1.235,8.592,8.38,0.373,0,0
0.322,1972407.466,0,3.972,0.004,1.357,8.102,NA,0.17,0,0
0.183,11902887.3,4413042.973,3.834502386,0.006,1.305,8.427,8.75,0.33,0.370753991,0
0.565,7338451.324,301770.6191,4.148,0.004,1.748,9.256,NA,0.209,0.04112184,0
0.227,3043305.078,456461.3706,3.513,0.001,1.778,8.203,8.64,0.282,0.149988699,0
0.895,3807720.944,0,2.783,0.008,1.037,8.489,NA,0.146,0,0
0.08,11894069.98,0,6.258,0.001,0.573,23.157,8.63,0.011,0,0
0.188,4069723.267,0,5.688,0.001,0.64,21.977,8.44,0.054,0,0
0,13296726.19,0,5.173,0.003,0.596,23.023,8.7,0.054,0,0
0.357,3842438.476,0,5.1536,0.004,0.778,23.093,8.42,0.115,0,0
0,10452925.68,0,5.3492,0.003,0.681,23.557,8.63,0.249,0,0
0.31,1677901.415,0,5.738,0.003,0.701,23.093,8.58,0.247,0,0
0,6651187.031,0,5.33,0.003,0.707,22.817,8.3,0.362,0,0
1.412,3452537.237,138549.2948,5.609,0.014,2.252,22.238,8.16,0.252,0.040129703,0
0.445,7684255.865,38531.70549,5.306,0,0.65,22.727,8.45,0.092,0.00501437,0
0.27,3249735.663,75304.86593,4.905,0.004,0.683,23.558,NA,0.14,0.023172613,0
0,4952960.274,17367.27245,5.573794342,0.004,0.626,22.636,8.39,0.144,0.003506443,0
0.355,4278396.976,522913.5762,4.929,0.005,0.642,22.503,8.44,0.161,0.122221846,0
0.185,952389.457,158747.6642,4.938,0.003,0.633,24.486,NA,0.183,0.166683559,0
0.31,2446100.011,10166.28103,4.186,0.003,0.63,22.149,NA,0.114,0.004156118,0
0.395,1774786.402,0,4.191,0.003,0.617,14.773,8.46,0.049,0,0
0,0,0,5.185,0.001,1.035,13.235,8.56,0.052,0,0
0.07,7906520.238,0,4.839,0.003,1.419,12.55,8.66,0.119,0,0
0,2761058.869,0,3.527,0.047,0.877,12.377,7.89,0.154,0,0
0,3204162.669,0,3.3176,0.017,0.833,11.966,8.32,0.228,0,0
0,2552012.475,12196.11358,3.82204,0.062,0.774,11.392,8.06,0.299,0.004779018,0
0.22,2326767.44,0,4.834,0.159,1.041,8.449,7.64,0.477,0,0
0,1650728.905,6147.171005,3.542,0.025,1.155,9.181,8.8,0.221,0.003723913,1
16.538,4889877.036,1294154.634,3.406,0.008,2.045,10.319,8.8,0.446,0.264659955,1
13.818,8420498.446,671802.6652,3.455,0.003,2.27,10.172,9,0.263,0.079781817,0
5.575,6364355.601,421489.7378,7.354,0.079,1.382,10.709,8.94,0.339,0.066226617,0
2.915,737643.2334,20860.69824,4.22030957,0.007,1.995,11.2,8.96,0.235,0.0282802,0
2.96,6542553.421,82603.17279,7.202,0.005,2.08,11.39,9.09,0.324,0.012625525,1
39.825,6621235.433,0,5.432,0.011,2.75,11.608,9.53,0.539,0,1
83.64,3125750.902,0,4.24,0.085,4.598,12.39,9.39,1.07,0,1
37.09,2782536.801,3815962.006,4.167,0.105,3.153,9.621,9.83,0.673,1.371396779,0
0.142,26244536.11,63147.41505,5.979,0,0.876,9.029,8.59,0.039,0.002406117,0
0.067,8619702.431,0,6.421,0.001,0.79,8.895,8.65,0.065,0,0
0,2325811.258,0,5.802,0.004,0.844,9.491,8.61,0.085,0,0
0.07,2931896.6,0,6.22784,0.001,0.952,9.153,8.43,0.117,0,0
0.232,1448363.163,18970.03437,6.54494,0.003,0.944,9.447,8.8,0.235,0.013097568,0
0.415,12977233.65,240056.6192,6.41,0.003,1.282,9.788,8.5,0.014,0.018498289,0
0,1522549.872,28839.79073,5.619,0.005,0.902,9.48,8.34,0.255,0.018941771,0
0.295,4289994.497,128612.183,5.846,0.002,1.368,9.481,8.66,0.181,0.029979568,0
0.66,6974437.269,54633.75491,5.664,0.001,0.999,9.739,8.62,0.277,0.007833428,0
0.065,13931521.52,118244.1184,6.457,0.002,1.509,14.491,9.03,0.156,0.008487524,0
0.485,2495750.62,0,6.280386896,0.004,2.053,9.344,8.89,0.258,0,0
0.255,3182603.61,0,6.062,0,1.776,9.95,9.28,0.215,0,0
0.455,6056341.289,0,4.723,0.006,1.611,9.842,8.63,0.155,0,0
1.452,1846114.002,16793.39084,4.884,0.004,1.955,10.207,10.94,0.125,0.009096616,0
