file,sample,subSample,speed_mph,disk_in,closeDisk,basket,scanStart,roughness,resPercent,resPercentFull
T1P1_20191015_102639,1,1,3,3,-6,1,1001,39.7764138487482,24.2516556291391,39.040293040293
T1P1_20191015_102639,1,2,3,3,-6,1,2318,39.0968535784842,21.9801324503311,38.0520960520961
T1P1_20191015_102639,1,3,3,3,-6,1,3635,41.1049762728914,14.9545884578997,30.4940984940985
T1P1_20191015_102639,1,4,3,3,-6,1,4952,42.2945064097848,13.5941343424787,22.8388278388278
T1P1_20191015_102639,1,5,3,3,-6,1,6269,39.7639286794068,18.0028382213813,32.2120472120472
T1P1_20191015_102639,1,6,3,3,-6,1,7586,41.7800461839582,18.1892147587512,33.5042735042735
T1P1_20191015_102639,1,7,3,3,-6,1,8903,42.8229917720355,17.79848628193,29.8701668701669
T1P1_20191015_102639,1,8,3,3,-6,1,10220,45.4641996225534,13.8429517502365,20.1115181115181
T2P1_20191015_111234,1,1,6.6,3,-6,1,1001,43.5978256771269,14.3509933774834,24.5380545380545
T2P1_20191015_111234,1,2,6.6,3,-6,1,2126,44.1225603112374,12.9091769157994,20.0647130647131
T2P1_20191015_111234,1,3,6.6,3,-6,1,3251,46.6293542043083,11.4777672658467,17.1969881969882
T2P1_20191015_111234,1,4,6.6,3,-6,1,4376,44.1669616448765,11.3188268684957,17.6231176231176
T2P1_20191015_111234,1,5,6.6,3,-6,1,5501,47.5520497551784,13.5591296121097,22.0838420838421
T2P1_20191015_111234,1,6,6.6,3,-6,1,6626,44.0693731779095,12.0577105014191,19.5803825803826
T2P1_20191015_111234,1,7,6.6,3,-6,1,7751,47.5702247087962,13.4039735099338,21.047212047212
T2P1_20191015_111234,1,8,6.6,3,-6,1,8876,48.1181368050429,20.6641438032166,31.6853886853887
T4P1_2_20191015_112106,1,1,6.6,5,-6,1,1001,56.2821072229146,6.36234626300852,11.4485144485144
T4P1_2_20191015_112106,1,2,6.6,5,-6,1,2090,49.8659010324774,6.81740775780511,11.7757427757428
T4P1_2_20191015_112106,1,3,6.6,5,-6,1,3179,51.5635396321567,5.57615894039735,14.4647944647945
T4P1_2_20191015_112106,1,4,6.6,5,-6,1,4268,55.456726787585,7.18732261116367,18.010582010582
T4P1_2_20191015_112106,1,5,6.6,5,-6,1,5357,55.5739556137397,6.52034058656575,17.6516076516077
T4P1_2_20191015_112106,1,6,6.6,5,-6,1,6446,51.5797314448429,3.4957426679281,8.42735042735043
T4P1_2_20191015_112106,1,7,6.6,5,-6,1,7535,56.3130400591792,4.58751182592242,8.96825396825397
T4P1_2_20191015_112106,1,8,6.6,5,-6,1,8624,54.9259235860644,2.9678334910123,5.31461131461131
T4P1_20191015_103732,1,1,6.6,5,-6,1,1001,49.6594488158104,5.26490066225166,15.5616605616606
T4P1_20191015_103732,1,2,6.6,5,-6,1,2003,49.9819318387537,9.27436140018921,21.1351241351241
T4P1_20191015_103732,1,3,6.6,5,-6,1,3005,46.1453165814176,9.83159886471145,23.3394383394383
T4P1_20191015_103732,1,4,6.6,5,-6,1,4007,49.774350406159,8.15704824976348,18.6947496947497
T4P1_20191015_103732,1,5,6.6,5,-6,1,5009,45.5431658598034,10.8703878902554,22.4835164835165
T4P1_20191015_103732,1,6,6.6,5,-6,1,6011,43.9835158721062,11.1835383159886,24.050875050875
T4P1_20191015_103732,1,7,6.6,5,-6,1,7013,45.9364995208743,6.9356669820246,19.4542124542125
T4P1_20191015_103732,1,8,6.6,5,-6,1,8015,52.8693830802213,6.5515610217597,21.4668294668295
T3P1_2_20191015_111751,1,1,3,5,-6,1,1001,42.1863015985358,10.0444654683065,13.5364265364265
T3P1_2_20191015_111751,1,2,3,5,-6,1,1949,40.6545594775927,7.45884578997162,13.7069597069597
T3P1_2_20191015_111751,1,3,3,5,-6,1,2897,42.3811286830631,18.9725638599811,36.015873015873
T3P1_2_20191015_111751,1,4,3,5,-6,1,3845,51.1258408210075,12.5648060548723,23.4814814814815
T3P1_2_20191015_111751,1,5,3,5,-6,1,4793,46.9766549062725,13.7019867549669,22.5124135124135
T3P1_2_20191015_111751,1,6,3,5,-6,1,5741,48.2312890701428,13.9801324503311,20.8449328449328
T3P1_2_20191015_111751,1,7,3,5,-6,1,6689,48.0032735800108,13.2280037842952,21.7737077737078
T3P1_2_20191015_111751,1,8,3,5,-6,1,7637,47.3272226360278,14.6773888363292,23.2535612535613
T3P1_20191015_103245,1,1,3,5,-6,1,1001,44.1585605725065,14.3008514664144,26.7338217338217
T3P1_20191015_103245,1,2,3,5,-6,1,2304,50.2180101420233,7.96594134342479,17.999185999186
T3P1_20191015_103245,1,3,3,5,-6,1,3607,52.8183533827596,3.60832544938505,13.4155474155474
T3P1_20191015_103245,1,4,3,5,-6,1,4910,46.7026764129547,9.71807000946074,19.2051282051282
T3P1_20191015_103245,1,5,3,5,-6,1,6213,46.5526576723457,13.4711447492904,25.4916564916565
T3P1_20191015_103245,1,6,3,5,-6,1,7516,44.8937136312985,12.0766319772942,26.9096459096459
T3P1_20191015_103245,1,7,3,5,-6,1,8819,43.4584610274521,13.565752128666,26.7773707773708
T3P1_20191015_103245,1,8,3,5,-6,1,10122,42.1894535578482,17.8420056764428,32.2238502238502
T5P1_20191017_100954,1,1,3,1,-6,1,1001,46.3561986605818,35.085146641438,42.3019943019943
T5P1_20191017_100954,1,2,3,1,-6,1,1820,45.0340368592947,34.6868495742668,43.3862433862434
T5P1_20191017_100954,1,3,3,1,-6,1,2639,43.1742346253609,35.1712393566698,48.3300773300773
T5P1_20191017_100954,1,4,3,1,-6,1,3458,42.6684226061383,39.8344370860927,49.7122507122507
T5P1_20191017_100954,1,5,3,1,-6,1,4277,40.5073069924126,36.5042573320719,46.1135531135531
T5P1_20191017_100954,1,6,3,1,-6,1,5096,41.7690818416679,33.3282876064333,44.0923890923891
T5P1_20191017_100954,1,7,3,1,-6,1,5915,42.7205213039194,35.7502365184484,44.9352869352869
T5P1_20191017_100954,1,8,3,1,-6,1,6734,43.337889299238,36.7928098391675,42.9592999593
T16P1_2_20191017_101449,1,1,6.6,1,-6,1,1001,45.4029714773217,19.7483443708609,28.6190476190476
T16P1_2_20191017_101449,1,2,6.6,1,-6,1,2442,40.794091704331,14.6158940397351,23.2576312576313
T16P1_2_20191017_101449,1,3,6.6,1,-6,1,3883,43.658106130754,13.7568590350047,22.3813593813594
T16P1_2_20191017_101449,1,4,6.6,1,-6,1,5324,43.9483172012736,10.6830652790918,19.2173382173382
T16P1_2_20191017_101449,1,5,6.6,1,-6,1,6765,54.1568154730737,9.54493850520341,16.1640211640212
T16P1_2_20191017_101449,1,6,6.6,1,-6,1,8206,62.0510898144972,11.2516556291391,17.4065934065934
T16P1_2_20191017_101449,1,7,6.6,1,-6,1,9647,61.5390646429062,14.3159886471145,19.8860398860399
T16P1_2_20191017_101449,1,8,6.6,1,-6,1,11088,60.9394161552171,12.9640491958373,20.4949124949125
T7P1_20191015_105658,1,1,6.6,3,2,1,1001,42.8716618027322,8.60075685903501,25.9340659340659
T7P1_20191015_105658,1,2,6.6,3,2,1,1912,44.1419454172413,6.4872280037843,20.8441188441188
T7P1_20191015_105658,1,3,6.6,3,2,1,2823,46.0133098083399,8.87228003784295,22.7590557590558
T7P1_20191015_105658,1,4,6.6,3,2,1,3734,45.5966578924683,9.88079470198675,25.3764753764754
T7P1_20191015_105658,1,5,6.6,3,2,1,4645,45.011434116778,8.17218543046358,21.8213268213268
T7P1_20191015_105658,1,6,6.6,3,2,1,5556,43.1237344438996,9.65089877010407,24.9145299145299
T7P1_20191015_105658,1,7,6.6,3,2,1,6467,43.6003412737816,9.63008514664144,27.5010175010175
T7P1_20191015_105658,1,8,6.6,3,2,1,7378,45.2697656112365,13.8940397350993,33.0496540496541
T8P1_20191015_105323,1,1,3,3,2,1,1001,44.5193238171896,11.5648060548723,26.8905168905169
T8P1_20191015_105323,1,2,3,3,2,1,1938,49.8666667993644,9.22611163670766,22.6023606023606
T8P1_20191015_105323,1,3,3,3,2,1,2875,49.1670442119506,3.72942289498581,16.4216524216524
T8P1_20191015_105323,1,4,3,3,2,1,3812,47.7482844445661,6.12582781456954,17.6617826617827
T8P1_20191015_105323,1,5,3,3,2,1,4749,43.7897883425773,15.0160832544939,28.8160358160358
T8P1_20191015_105323,1,6,3,3,2,1,5686,41.5066809344763,15.1911069063387,31.7431827431827
T8P1_20191015_105323,1,7,3,3,2,1,6623,40.0925548238884,19.5960264900662,39.6642246642247
T8P1_20191015_105323,1,8,3,3,2,1,7560,39.3657391753771,25.8959318826868,46.2307692307692
T9P1_20191015_112546,1,1,3,5,2,1,1001,48.6693632335826,5.34815515610218,10.7895807895808
T9P1_20191015_112546,1,2,3,5,2,1,1880,50.373540262357,4.06906338694418,10.3402523402523
T9P1_20191015_112546,1,3,3,5,2,1,2759,52.5164906738654,3.40681173131504,8.91534391534391
T9P1_20191015_112546,1,4,3,5,2,1,3638,52.4097852476126,3.10501419110691,7.71225071225071
T9P1_20191015_112546,1,5,3,5,2,1,4517,52.4603600808687,3.08703878902554,9.48555148555149
T9P1_20191015_112546,1,6,3,5,2,1,5396,47.5123599244496,5.20908230842006,11.6414326414326
T9P1_20191015_112546,1,7,3,5,2,1,6275,40.9046834265374,6.2639545884579,15.7586487586488
T9P1_20191015_112546,1,8,3,5,2,1,7154,39.2152644122651,6.4872280037843,17.5185185185185
T10P1_20191015_112903,1,1,6.6,5,2,1,1001,49.0396280628188,3.37748344370861,13.8827838827839
T10P1_20191015_112903,1,2,6.6,5,2,1,2018,50.5989132988552,3.23746452223273,14.1961741961742
T10P1_20191015_112903,1,3,6.6,5,2,1,3035,50.6582349426069,3.36518448438978,9.85632885632886
T10P1_20191015_112903,1,4,6.6,5,2,1,4052,49.0325531445396,5.28949858088931,15.1652421652422
T10P1_20191015_112903,1,5,6.6,5,2,1,5069,50.6981662012696,3.27719962157048,11.4224664224664
T10P1_20191015_112903,1,6,6.6,5,2,1,6086,46.9666567748869,4.58751182592242,12.976393976394
T10P1_20191015_112903,1,7,6.6,5,2,1,7103,46.5320023900523,4.6802270577105,16.3622303622304
T10P1_20191015_112903,1,8,6.6,5,2,1,8120,46.8848304460393,5.66035950804163,18.9422059422059
T11P1_20191017_102419,1,1,6.6,1,2,1,1001,46.0737197086935,8.51561021759697,26.9474969474969
T11P1_20191017_102419,1,2,6.6,1,2,1,2953,46.5370554124541,10.5903500473037,26.7614977614978
T11P1_20191017_102419,1,3,6.6,1,2,1,4905,43.8468708958584,9.04446546830653,28.3052503052503
T11P1_20191017_102419,1,4,6.6,1,2,1,6857,44.1312406441433,9.58183538315989,29.95115995116
T11P1_20191017_102419,1,5,6.6,1,2,1,8809,41.4506221999961,8.29233680227058,26.0732600732601
T11P1_20191017_102419,1,6,6.6,1,2,1,10761,46.8302128583308,9.94134342478713,30.5490435490435
T11P1_20191017_102419,1,7,6.6,1,2,1,12713,49.3070204532521,10.8552507095553,28.030525030525
T11P1_20191017_102419,1,8,6.6,1,2,1,14665,43.0606099177201,9.53831598864712,28.1986161986162
T16P1_20191017_102017,1,1,3,1,2,1,1001,54.2669297356178,20.6669820245979,38.6332926332926
T16P1_20191017_102017,1,2,3,1,2,1,2116,52.3116558324795,28.8013245033113,42.009768009768
T16P1_20191017_102017,1,3,3,1,2,1,3231,56.5055643343586,14.7928098391675,30.9361009361009
T16P1_20191017_102017,1,4,3,1,2,1,4346,56.5056711445902,20.9754020813623,38.8111518111518
T16P1_20191017_102017,1,5,3,1,2,1,5461,49.8593547066833,20.2677388836329,41.8726088726089
T16P1_20191017_102017,1,6,3,1,2,1,6576,54.5233710550346,17.1561021759697,32.0936100936101
T16P1_20191017_102017,1,7,3,1,2,1,7691,60.0412046055492,12.0558183538316,29.3296703296703
T16P1_20191017_102017,1,8,3,1,2,1,8806,57.5249873713031,10.9782403027436,22.3508343508344
T13P1_20191015_110107,1,1,3,3,6,1,1001,41.1476168511101,17.112582781457,27.4550264550265
T13P1_20191015_110107,1,2,3,3,6,1,2471,43.3915238712267,25.2024597918638,33.7724867724868
T13P1_20191015_110107,1,3,3,3,6,1,3941,44.8024672731163,20.1475875118259,29.3752543752544
T13P1_20191015_110107,1,4,3,3,6,1,5411,44.9192415794169,26.127719962157,38.1925111925112
T13P1_20191015_110107,1,5,3,3,6,1,6881,44.8976064826718,15.1371807000946,24.7769637769638
T13P1_20191015_110107,1,6,3,3,6,1,8351,45.5550128977448,19.4124881740776,30.3549043549044
T13P1_20191015_110107,1,7,3,3,6,1,9821,47.5522812380849,14.9981078524125,26.1664631664632
T13P1_20191015_110107,1,8,3,3,6,1,11291,49.1708865047098,18.9157994323557,25.7602767602768
T15P1_20191015_113641,1,1,6.6,5,6,1,1001,51.279788389929,5.15988647114475,16.99185999186
T15P1_20191015_113641,1,2,6.6,5,6,1,2101,52.2073178434601,2.79848628192999,11.1978021978022
T15P1_20191015_113641,1,3,6.6,5,6,1,3201,50.1867602734778,4.80416272469253,15.7338217338217
T15P1_20191015_113641,1,4,6.6,5,6,1,4301,46.2715027323186,4.22138126773888,16.3593813593814
T15P1_20191015_113641,1,5,6.6,5,6,1,5401,49.660487416589,5.75780510879849,20.953194953195
T15P1_20191015_113641,1,6,6.6,5,6,1,6501,49.303806582933,2.54872280037843,12.4562474562475
T15P1_20191015_113641,1,7,6.6,5,6,1,7601,49.8683230780774,1.92715231788079,9.27228327228327
T15P1_20191015_113641,1,8,6.6,5,6,1,8701,52.4180380976071,1.40208136234626,6.86813186813187
T12P1_20191015_113330,1,1,3,5,6,1,1001,49.2811397791046,7.59129612109745,20.981277981278
T12P1_20191015_113330,1,2,3,5,6,1,1916,46.3758719052461,6.47492904446547,17.1432641432641
T12P1_20191015_113330,1,3,3,5,6,1,2831,47.0814468998237,6.70293282876064,21.6084656084656
T12P1_20191015_113330,1,4,3,5,6,1,3746,49.9262492961949,12.3557237464522,26.6650386650387
T12P1_20191015_113330,1,5,3,5,6,1,4661,46.1310422062696,10.1561021759697,25.5657305657306
T12P1_20191015_113330,1,6,3,5,6,1,5576,44.532607994645,8.59791863765374,23.8103378103378
T12P1_20191015_113330,1,7,3,5,6,1,6491,44.1614855682497,12.7190160832545,28.1668701668702
T12P1_20191015_113330,1,8,3,5,6,1,7406,43.6669168834746,9.22894985808893,27.6381766381766
T17P1_20191017_103118,1,1,3,1,6,1,1001,46.1182995721384,20.3263954588458,42.7130647130647
T17P1_20191017_103118,1,2,3,1,6,1,1883,44.1620166605204,24.8306527909177,41.8778998778999
T17P1_20191017_103118,1,3,3,1,6,1,2765,46.5331844679876,25.9120151371807,42.8087098087098
T17P1_20191017_103118,1,4,3,1,6,1,3647,42.3313502605058,18.9025543992431,40.992673992674
T17P1_20191017_103118,1,5,3,1,6,1,4529,47.5250856145302,24.4616840113529,44.0940170940171
T17P1_20191017_103118,1,6,3,1,6,1,5411,49.3232926252965,19.8249763481552,39.8021978021978
T17P1_20191017_103118,1,7,3,1,6,1,6293,49.5480977851375,25.4976348155156,41.7505087505088
T17P1_20191017_103118,1,8,3,1,6,1,7175,51.7559175058508,11.3491012298959,31.0989010989011
T1P2_20191015_114140,2,1,3,3,-6,1,1001,44.7228172521024,16.1504257332072,31.2323972323972
T1P2_20191015_114140,2,2,3,3,-6,1,1899,47.7676226843142,9.66982024597919,22.6353276353276
T1P2_20191015_114140,2,3,3,3,-6,1,2797,43.6112938934051,15.1892147587512,31.6845746845747
T1P2_20191015_114140,2,4,3,3,-6,1,3695,44.5564116768363,13.6840113528855,30.1086691086691
T1P2_20191015_114140,2,5,3,3,-6,1,4593,41.6046168694577,18.2857142857143,36.1001221001221
T1P2_20191015_114140,2,6,3,3,-6,1,5491,41.434447103117,23.434247871334,38.2083842083842
T1P2_20191015_114140,2,7,3,3,-6,1,6389,42.9641686768642,19.6849574266793,38.3007733007733
T1P2_20191015_114140,2,8,3,3,-6,1,7287,44.6396525308547,25.3803216650899,48.8901098901099
T2P2_20191015_114449,2,1,6.6,3,-6,1,1001,44.5030428404303,9.2232734153264,25.5917785917786
T2P2_20191015_114449,2,2,6.6,3,-6,1,2013,42.2548560149653,7.21002838221381,21.3361823361823
T2P2_20191015_114449,2,3,6.6,3,-6,1,3025,44.7234901085806,10.9801324503311,23.0675620675621
T2P2_20191015_114449,2,4,6.6,3,-6,1,4037,45.597948906946,12.1996215704825,25.6426536426536
T2P2_20191015_114449,2,5,6.6,3,-6,1,5049,44.3565557784153,10.3320719016083,23.4065934065934
T2P2_20191015_114449,2,6,6.6,3,-6,1,6061,40.2353384551891,12.5780510879849,28.4204314204314
T2P2_20191015_114449,2,7,6.6,3,-6,1,7073,44.8890162398211,11.2611163670766,26.7427757427757
T2P2_20191015_114449,2,8,6.6,3,-6,1,8085,44.3611576838992,10.1069063386944,23.9446479446479
T3P2_20191015_115233,2,1,6.6,5,-6,1,1001,48.7149873326554,5.13623462630085,15.6092796092796
T3P2_20191015_115233,2,2,6.6,5,-6,1,2238,50.899559867084,7.01986754966887,18.6597476597477
T3P2_20191015_115233,2,3,6.6,5,-6,1,3475,48.2222638808648,4.24976348155156,14.1383801383801
T3P2_20191015_115233,2,4,6.6,5,-6,1,4712,47.4023653282571,3.84389782403027,14.2295482295482
T3P2_20191015_115233,2,5,6.6,5,-6,1,5949,54.5537848258462,8.42384105960265,25.7171347171347
T3P2_20191015_115233,2,6,6.6,5,-6,1,7186,54.4553472048978,3.3112582781457,14.2625152625153
T3P2_20191015_115233,2,7,6.6,5,-6,1,8423,50.2783562177659,1.74266792809839,8.93813593813594
T3P2_20191015_115233,2,8,6.6,5,-6,1,9660,51.661694469345,1.33112582781457,7.28001628001628
T4P2_20191015_114920,2,1,3,5,-6,1,1001,49.6460606236833,9.53736991485336,26.8717948717949
T4P2_20191015_114920,2,2,3,5,-6,1,1910,45.0976676329683,12.4976348155156,25.6198616198616
T4P2_20191015_114920,2,3,3,5,-6,1,2819,47.9362339967633,8.519394512772,21.4525844525845
T4P2_20191015_114920,2,4,3,5,-6,1,3728,47.8975126872898,5.65562913907285,20.8620268620269
T4P2_20191015_114920,2,5,3,5,-6,1,4637,45.5876377162057,10.4683065279092,27.4904354904355
T4P2_20191015_114920,2,6,3,5,-6,1,5546,48.6023161435004,12.8306527909177,28.9283679283679
T4P2_20191015_114920,2,7,3,5,-6,1,6455,46.3421614273265,8.65562913907285,25.0724460724461
T4P2_20191015_114920,2,8,3,5,-6,1,7364,48.9423589241649,11.0908230842006,26.2222222222222
T5P2_2_20191017_110044,2,1,3,1,-6,1,1001,53.400145399479,27.2488174077578,43.1172161172161
T5P2_2_20191017_110044,2,2,3,1,-6,1,2037,55.0848982568821,21.1116367076632,37.1184371184371
T5P2_2_20191017_110044,2,3,3,1,-6,1,3073,54.8277367325488,21.6688741721854,37.2132682132682
T5P2_2_20191017_110044,2,4,3,1,-6,1,4109,56.5191484820463,21.4881740775781,36.7944647944648
T5P2_2_20191017_110044,2,5,3,1,-6,1,5145,57.2736860163775,18.2904446546831,32.1050061050061
T5P2_2_20191017_110044,2,6,3,1,-6,1,6181,60.0040828256326,14.286660359508,26.8408628408628
T5P2_2_20191017_110044,2,7,3,1,-6,1,7217,57.1433592670541,11.9280983916746,29.4814814814815
T5P2_2_20191017_110044,2,8,3,1,-6,1,8253,61.5544480070606,15.1078524124882,32.019129019129
T6P2_20191017_110412,2,1,6.6,1,-6,1,1001,48.6835551337867,17.9394512771996,31.7822547822548
T6P2_20191017_110412,2,2,6.6,1,-6,1,2390,46.0837289240733,15.6925260170293,31.7667887667888
T6P2_20191017_110412,2,3,6.6,1,-6,1,3779,50.0320741491331,10.2686849574267,23.043549043549
T6P2_20191017_110412,2,4,6.6,1,-6,1,5168,43.6781686068567,19.4011352885525,35.7342287342287
T6P2_20191017_110412,2,5,6.6,1,-6,1,6557,44.6249079444038,18.5808893093661,34.8754578754579
T6P2_20191017_110412,2,6,6.6,1,-6,1,7946,43.4537005288222,21.3424787133396,36.5388685388685
T6P2_20191017_110412,2,7,6.6,1,-6,1,9335,45.0519218955935,13.0302743614002,27.9470899470899
T6P2_20191017_110412,2,8,6.6,1,-6,1,10724,48.9447566227907,15.5137180700095,33.4733414733415
T7P2_20191015_120346,2,1,6.6,3,2,1,1001,43.1956370715785,7.69725638599811,24.3976393976394
T7P2_20191015_120346,2,2,6.6,3,2,1,2019,43.9221329953861,7.74929044465468,20.1322751322751
T7P2_20191015_120346,2,3,6.6,3,2,1,3037,44.6950946759275,6.61967833491012,22.2067562067562
T7P2_20191015_120346,2,4,6.6,3,2,1,4055,48.3339846717058,9.99337748344371,24.984126984127
T7P2_20191015_120346,2,5,6.6,3,2,1,5073,46.0743389441356,8.01324503311258,21.8510378510379
T7P2_20191015_120346,2,6,6.6,3,2,1,6091,43.7822451135037,11.2734153263955,27.4798534798535
T7P2_20191015_120346,2,7,6.6,3,2,1,7109,45.7913022660621,9.86092715231788,22.8156288156288
T7P2_20191015_120346,2,8,6.6,3,2,1,8127,48.8822535849111,8.63576158940397,28.986568986569
T8P2_20191015_120029,2,1,3,3,2,1,1001,46.4700785053814,8.0406811731315,23.0671550671551
T8P2_20191015_120029,2,2,3,3,2,1,1963,48.733407456481,9.24219489120151,19.1697191697192
T8P2_20191015_120029,2,3,3,3,2,1,2925,47.9306975018544,4.65184484389782,17.6866096866097
T8P2_20191015_120029,2,4,3,3,2,1,3887,42.1400850740141,10.7464522232734,29.1851851851852
T8P2_20191015_120029,2,5,3,3,2,1,4849,39.3555698966703,13.8098391674551,31.997150997151
T8P2_20191015_120029,2,6,3,3,2,1,5811,37.8864337513733,18.7691579943236,38.1868131868132
T8P2_20191015_120029,2,7,3,3,2,1,6773,42.2506651372985,8.42100283822138,27.4765974765975
T8P2_20191015_120029,2,8,3,3,2,1,7735,42.7404474495184,16.7237464522233,33.5543345543346
T10P2_20191015_121031,2,1,6.6,5,2,1,1001,53.0691575701747,3.66698202459792,12.3471713471713
T10P2_20191015_121031,2,2,6.6,5,2,1,1793,54.7596854567245,2.5127719962157,9.74521774521775
T10P2_20191015_121031,2,3,6.6,5,2,1,2585,54.7094525744025,2.21286660359508,10.1900691900692
T10P2_20191015_121031,2,4,6.6,5,2,1,3377,57.4324020418958,1.48912015137181,8.84574684574685
T10P2_20191015_121031,2,5,6.6,5,2,1,4169,56.8931419288231,3.38221381267739,13.2991452991453
T10P2_20191015_121031,2,6,6.6,5,2,1,4961,56.848028737598,3.4484389782403,12.8111518111518
T10P2_20191015_121031,2,7,6.6,5,2,1,5753,51.896097282175,6.05960264900662,15.6182336182336
T10P2_20191015_121031,2,8,6.6,5,2,1,6545,50.3428152535538,5.08893093661306,15.9479039479039
T12P2_20191017_111329,2,1,3,1,2,1,1001,45.6130003840265,34.5629139072848,53.1884411884412
T12P2_20191017_111329,2,2,3,1,2,1,2719,44.334037623003,14.5648060548723,34.7350427350427
T12P2_20191017_111329,2,3,3,1,2,1,4437,50.3043854667555,12.081362346263,31.3532763532764
T12P2_20191017_111329,2,4,3,1,2,1,6155,46.0980844160978,28.961210974456,47.6385836385836
T12P2_20191017_111329,2,5,3,1,2,1,7873,41.0271559398981,28.0122989593188,47.6365486365486
T12P2_20191017_111329,2,6,3,1,2,1,9591,43.1327146043923,31.5487228003784,50.6280016280016
T12P2_20191017_111329,2,7,3,1,2,1,11309,46.8067178908966,27.6575212866604,47.5584045584046
T12P2_20191017_111329,2,8,3,1,2,1,13027,44.4790481395316,25.3859981078524,43.5901505901506
T13P2_20191015_121508,2,1,3,3,6,1,1001,50.4348244626452,14.8268684957427,24.8819698819699
T13P2_20191015_121508,2,2,3,3,6,1,1876,52.0303327721904,12.8155156102176,27.8835978835979
T13P2_20191015_121508,2,3,3,3,6,1,2751,50.9375557518964,10.003784295175,28.986161986162
T13P2_20191015_121508,2,4,3,3,6,1,3626,52.629420982799,15.1315042573321,27.986161986162
T13P2_20191015_121508,2,5,3,3,6,1,4501,51.9876839506949,15.6319772942289,27.964590964591
T13P2_20191015_121508,2,6,3,3,6,1,5376,51.0995792534072,14.0917691579943,27.5307285307285
T13P2_20191015_121508,2,7,3,3,6,1,6251,50.1726293863415,10.9782403027436,26.3764753764754
T13P2_20191015_121508,2,8,3,3,6,1,7126,57.5863984112837,7.8713339640492,23.2865282865283
T14P2_20191015_121849,2,1,6.6,3,6,1,1001,50.493677607259,7.76726584673605,19.3532763532764
T14P2_20191015_121849,2,2,6.6,3,6,1,1710,44.3003159447152,7.89593188268685,20.989417989418
T14P2_20191015_121849,2,3,6.6,3,6,1,2419,42.5532347105506,10.6215704824976,23.7537647537648
T14P2_20191015_121849,2,4,6.6,3,6,1,3128,45.4191720735152,10.0964995269631,25.022792022792
T14P2_20191015_121849,2,5,6.6,3,6,1,3837,46.5383334168546,13.6064333017975,30.961741961742
T14P2_20191015_121849,2,6,6.6,3,6,1,4546,44.3473899523535,13.0482497634816,29.7814407814408
T14P2_20191015_121849,2,7,6.6,3,6,1,5255,53.239055768027,5.19016083254494,21.1408221408221
T14P2_20191015_121849,2,8,6.6,3,6,1,5964,50.3398547465492,8.66698202459792,24.971916971917
T15P2_20191015_122209,2,1,6.6,5,6,1,1001,45.5625565616209,3.35004730368969,10.0936100936101
T15P2_20191015_122209,2,2,6.6,5,6,1,2069,45.6248227073068,7.74929044465468,21.5734635734636
T15P2_20191015_122209,2,3,6.6,5,6,1,3137,46.1774148227912,7.08136234626301,22.6487586487586
T15P2_20191015_122209,2,4,6.6,5,6,1,4205,47.6938361363051,3.1996215704825,11.1021571021571
T15P2_20191015_122209,2,5,6.6,5,6,1,5273,52.9920137199361,4.52034058656575,14.005698005698
T15P2_20191015_122209,2,6,6.6,5,6,1,6341,49.8437958983451,4.92431409649953,13.037037037037
T15P2_20191015_122209,2,7,6.6,5,6,1,7409,48.9224409381339,3.35950804162725,9.23646723646724
T15P2_20191015_122209,2,8,6.6,5,6,1,8477,50.5603584325827,2.99526963103122,10.6227106227106
T16P2_20191015_122556,2,1,3,5,6,1,1001,49.242128810395,7.40302743614002,16.4444444444444
T16P2_20191015_122556,2,2,3,5,6,1,1921,44.8060452212545,8.5600756859035,13.3711843711844
T16P2_20191015_122556,2,3,3,5,6,1,2841,44.9791835634796,5.20719016083255,12.7077737077737
T16P2_20191015_122556,2,4,3,5,6,1,3761,46.8524639374472,5.75402081362346,9.72161172161172
T16P2_20191015_122556,2,5,3,5,6,1,4681,51.2670186871494,5.31882686849574,8.64224664224664
T16P2_20191015_122556,2,6,3,5,6,1,5601,52.8004246132132,3.46925260170293,6.37118437118437
T16P2_20191015_122556,2,7,3,5,6,1,6521,51.268161188653,3.86944181646168,9.42897842897843
T16P2_20191015_122556,2,8,3,5,6,1,7441,49.2815581377696,3.59791863765374,7.48555148555149
T17P2_20191017_112343,2,1,3,1,6,1,1001,56.7887352850437,14.9971617786187,35.5889295889296
T17P2_20191017_112343,2,2,3,1,6,1,2067,52.8287604754371,18.5553453169347,34.1501831501832
T17P2_20191017_112343,2,3,3,1,6,1,3133,59.5122865448686,25.038789025544,39.4770044770045
T17P2_20191017_112343,2,4,3,1,6,1,4199,58.9540732042947,24.9725638599811,39.6235246235246
T17P2_20191017_112343,2,5,3,1,6,1,5265,57.2129312509233,21.1050141911069,39.5641025641026
T17P2_20191017_112343,2,6,3,1,6,1,6331,60.6338151203889,7.96972563859981,23.6389906389906
T17P2_20191017_112343,2,7,3,1,6,1,7397,64.8736753600118,7.11258278145695,21.8791208791209
T17P2_20191017_112343,2,8,3,1,6,1,8463,62.343027730752,11.8155156102176,28.2385022385022
T18P2_20191017_112730,2,1,6.6,1,6,1,1001,49.5101455823654,13.7322611163671,29.2971102971103
T18P2_20191017_112730,2,2,6.6,1,6,1,2965,53.349275648532,8.30179754020814,19.024013024013
T18P2_20191017_112730,2,3,6.6,1,6,1,4929,50.8731884913695,6.42194891201514,19.2812372812373
T18P2_20191017_112730,2,4,6.6,1,6,1,6893,48.035649341779,4.73793755912961,17.984533984534
T18P2_20191017_112730,2,5,6.6,1,6,1,8857,47.6031399340838,9.38032166508988,24.2612942612943
T18P2_20191017_112730,2,6,6.6,1,6,1,10821,50.0293788226822,7.55912961210974,23.2006512006512
T18P2_20191017_112730,2,7,6.6,1,6,1,12785,45.7378129397803,6.32355723746452,24.5754985754986
T18P2_20191017_112730,2,8,6.6,1,6,1,14749,51.9752140138562,6.71807000946074,20.5250305250305
D7S3_20191017_113800,1,1,3,7,2,1,1001,52.7533566692597,6.78145695364238,15.2173382173382
D7S3_20191017_113800,1,2,3,7,2,1,1784,51.7289775329929,4.1116367076632,13.3105413105413
D7S3_20191017_113800,1,3,3,7,2,1,2567,51.2504608410207,7.91863765373699,17.4680504680505
D7S3_20191017_113800,1,4,3,7,2,1,3350,47.903758791639,7.50709555345317,17.8713878713879
D7S3_20191017_113800,1,5,3,7,2,1,4133,48.8388302784293,7.56575212866604,15.4171754171754
D7S3_20191017_113800,1,6,3,7,2,1,4916,53.8133884783135,5.15704824976348,11.6202686202686
D7S3_20191017_113800,1,7,3,7,2,1,5699,55.699738698791,2.26773888363292,10.4391534391534
D7S3_20191017_113800,1,8,3,7,2,1,6482,50.8329245493367,3.32450331125828,10.2039072039072
S5Bupdown_20191017_115405,1,1,6.6,5,2,1,1,49.0676771518158,3.4541,9.7837
S5Bupdown_20191017_115405,1,2,6.6,5,2,1,3423,49.2355233777365,3.45407634325624,12.9748922852371
S5Bupdown_20191017_115405,1,3,6.6,5,2,1,6082,48.8400699449405,3.45407634325624,11.9677434931672
S5Bupdown_20191017_115405,1,1,6.6,5,2,0,1672,36.2926194988898,3.45407634325624,9.47849770732059
S5Bupdown_20191017_115405,1,2,6.6,5,2,0,4568,36.3038454530766,3.45407634325624,12.2431963322318
S5Bupdown_20191017_115405,1,3,6.6,5,2,0,7500,28.8683556689079,3.45407634325624,11.8607899000056
UDT1R1D1_20191107_122457,1,1,6.6,1,2,1,5489,57.3389320126261,25.5588851975605,33.0244896206566
UDT1R1D1_20191107_122457,1,2,6.6,1,2,1,6191,59.5256432201195,19.7321180671907,26.8369601000005
UDT1R1D1_20191107_122457,1,3,6.6,1,2,0,8678,40.6922104244506,21.8556424666584,30.8718075945019
UDT1R1D1_20191107_122457,1,4,6.6,1,2,0,9300,34.686809320162,18.8953460540551,27.5507039632823
UDT1R1D1_20191107_122457,1,5,6.6,1,2,1,11319,53.1411081063147,19.7819031297571,27.3822871292325
UDT1R1D1_20191107_122457,1,6,6.6,1,2,1,12100,43.5919281988508,14.3313961837835,23.0058349515026
UDT1R1D1_20191107_122457,1,7,6.6,1,2,0,13873,34.6463916381563,13.3213338567148,21.6503895533853
UDT1R1D1_20191107_122457,1,8,6.6,1,2,0,14600,35.1383894287528,14.9470076305182,21.7930429057391
UDT1R1D1_20191107_122457,1,9,6.6,1,2,0,15310,40.285201972034,21.0121686181773,26.632760652484
UDT1R1D1_20191107_122457,1,10,6.6,1,2,0,16100,31.3221156802082,13.2208063265326,19.8335869923044
UDT1R1D3_20191107_123138,1,1,6.6,3,2,1,438,42.2758113501476,14.1686373253933,25.0616653705409
UDT1R1D3_20191107_123138,1,2,6.6,3,2,1,1139,38.6229241788683,12.3821195032983,20.4299638834155
UDT1R1D3_20191107_123138,1,3,6.6,3,2,1,1840,45.8708365866152,18.4989803636224,25.8775089575809
UDT1R1D3_20191107_123138,1,4,6.6,3,2,0,2861,36.07626502293,17.8096487280874,23.828835061236
UDT1R1D3_20191107_123138,1,5,6.6,3,2,0,3562,34.2386813652976,16.889582475658,25.2386700318227
UDT1R1D3_20191107_123138,1,6,6.6,3,2,0,4263,38.3922006906283,17.8153931583835,23.6833190998049
UDT1R1D3_20191107_123138,1,7,6.6,3,2,1,5259,39.8718870689277,11.6784267920229,20.2047719693319
UDT1R1D3_20191107_123138,1,8,6.6,3,2,1,5960,46.9341568147865,15.4515600915279,25.8226422835987
UDT1R1D3_20191107_123138,1,9,6.6,3,2,1,6544,44.1044708369602,17.6468898696972,27.4905891726583
UDT1R1D3_20191107_123138,1,10,6.6,3,2,0,7718,35.3688802318458,16.7880975404264,25.2057500274333
UDT1R1D3_20191107_123138,1,11,6.6,3,2,0,8418,36.9275908574342,18.0930406226962,26.7081426915205
UDT1R1D3_20191107_123138,1,12,6.6,3,2,0,9200,36.2401414952022,16.4577927983992,23.6313150349
UDT1R1D5_20191107_123624,1,1,6.6,5,2,1,787,42.6610370459074,15.0666832616875,22.7935247782671
UDT1R1D5_20191107_123624,1,2,6.6,5,2,1,1450,45.5861179103721,14.0393876437304,22.8350326098884
UDT1R1D5_20191107_123624,1,3,6.6,5,2,1,2059,45.8410541306416,17.1145726622562,25.8360011259596
UDT1R1D5_20191107_123624,1,4,6.6,5,2,0,3225,32.2069006353636,17.0791486754301,25.0926769688787
UDT1R1D5_20191107_123624,1,5,6.6,5,2,0,3875,33.6851871501789,18.72492795527,27.2782789994227
UDT1R1D5_20191107_123624,1,6,6.6,5,2,0,4542,32.606068393863,19.1624620628249,28.3388756625747
UDT1R1D5_20191107_123624,1,7,6.6,5,2,1,5477,45.009590361538,16.0451512221275,25.340292654068
UDT1R1D5_20191107_123624,1,8,6.6,5,2,1,6165,42.9493751168379,20.9901483020421,27.8918315449978
UDT1R1D5_20191107_123624,1,9,6.6,5,2,1,6830,46.1126613439165,19.5894647148369,29.5974694535756
UDT1R1D5_20191107_123624,1,10,6.6,5,2,0,8000,29.9096394399762,11.5118383134353,20.0878820986741
UDT1R1D5_20191107_123624,1,11,6.6,5,2,0,8701,35.6864849251334,14.8713726316193,21.2157500751435
UDT1R1D5_20191107_123624,1,12,6.6,5,2,0,1050,43.4535730577761,16.1753583088397,23.9476333379453
UDT1R2D1_20191107_125243,2,1,6.6,1,2,1,551,45.0156686405534,11.329931354058,19.2615422783506
UDT1R2D1_20191107_125243,2,2,6.6,1,2,1,1151,42.2831146035246,11.2006816723951,18.7882575775648
UDT1R2D1_20191107_125243,2,3,6.6,1,2,1,1737,43.8501067469763,13.697594041111,20.0769087638777
UDT1R2D1_20191107_125243,2,4,6.6,1,2,0,2740,39.5526659986568,22.068186387615,26.9528957676325
UDT1R2D1_20191107_125243,2,5,6.6,1,2,0,3390,39.0287988300143,15.9781328686728,20.6370259400093
UDT1R2D1_20191107_125243,2,6,6.6,1,2,0,4041,35.7175722233319,17.043724688604,20.1422716711435
UDT1R2D1_20191107_125243,2,7,6.6,1,2,1,5043,50.2128176087841,15.3357140805561,20.9953291761888
UDT1R2D1_20191107_125243,2,8,6.6,1,2,1,5643,44.9625419080837,10.6291108579307,19.7453232124199
UDT1R2D1_20191107_125243,2,9,6.6,1,2,1,6209,44.5618254570144,16.7344828576626,25.065482182644
UDT1R2D1_20191107_125243,2,10,6.6,1,2,0,7079,35.7622268514097,16.6588478587636,26.2668237920982
UDT1R2D1_20191107_125243,2,11,6.6,1,2,0,7679,37.6756368689512,23.5454623787686,28.9071035644254
UDT1R2D1_20191107_125243,2,12,6.6,1,2,0,8283,34.5346032139717,20.1524188838572,24.2553638137587
UDT1R2D1_20191107_125243,2,13,6.6,1,2,1,9369,44.1851075456203,22.432957711419,28.7186484668343
UDT1R2D1_20191107_125243,2,14,6.6,1,2,1,10100,50.9119708418129,17.1155300673056,22.7019212877924
UDT1R2D1_20191107_125243,2,15,6.6,1,2,1,11900,50.3366317877713,16.630125707283,23.5053602354973
UDT1R2D3_20191107_124750,2,1,6.6,3,2,1,989,50.78202725993,16.9106453867438,26.01443709178
UDT1R2D3_20191107_124750,2,2,6.6,3,2,1,1690,45.649899843716,17.9781520167737,27.0072853401018
UDT1R2D3_20191107_124750,2,3,6.6,3,2,0,3257,37.0551080747071,18.6109967543969,27.1122476729374
UDT1R2D3_20191107_124750,2,4,6.6,3,2,0,4000,38.0253569517458,21.1730126664688,27.7291399291027
UDT1R2D3_20191107_124750,2,5,6.6,3,2,1,5822,45.039474722391,22.7374125171136,30.8260058492645
UDT1R2D3_20191107_124750,2,6,6.6,3,2,1,6523,45.3547230642939,19.24384149202,28.3565284185516
UDT1R2D3_20191107_124750,2,7,6.6,3,2,0,7986,32.6200327619124,15.7052724296068,21.3626973411133
UDT1R2D3_20191107_124750,2,8,6.6,3,2,0,8687,35.3589760186851,16.5430018477917,24.0988745175311
UDT1R2D3_20191107_124750,2,9,6.6,3,2,0,9387,37.8247964078328,16.9795785502973,23.8832246337053
UDT1R2D3_20191107_124750,2,10,6.6,3,2,1,10579,48.589027434867,18.3668584668116,25.4843773109605
UDT1R2D3_20191107_124750,2,11,6.6,3,2,1,11280,44.0209266849267,17.2878629761893,26.0869565217391
UDT1R2D3_20191107_124750,2,12,6.6,3,2,1,12000,40.8790557175975,16.7756512747848,24.842198674612
UDT1R2D5_20191107_124239,2,1,6.6,5,2,1,1147,49.3386223350501,15.1633811716723,29.1885934570299
UDT1R2D5_20191107_124239,2,2,6.6,5,2,1,1800,40.1626564749065,13.9963044165095,23.3803596391204
UDT1R2D5_20191107_124239,2,3,6.6,5,2,1,2470,38.9553223270234,15.073385097033,23.4991579158298
UDT1R2D5_20191107_124239,2,4,6.6,5,2,0,3465,38.1044318774331,14.9048818083467,20.7529616076413
UDT1R2D5_20191107_124239,2,5,6.6,5,2,0,4166,35.0773035670986,19.0772530134324,25.7672985081036
UDT1R2D5_20191107_124239,2,6,6.6,5,2,0,4842,35.8249914655809,16.0595122978679,21.2839755914866
UDT1R2D5_20191107_124239,2,7,6.6,5,2,1,5825,43.7210760340802,11.3653553408841,20.8975233660466
UDT1R2D5_20191107_124239,2,8,6.6,5,2,1,6526,44.928518999639,17.7186952483987,27.641830352244
UDT1R2D5_20191107_124239,2,9,6.6,5,2,0,8030,33.6236386293655,16.1964212199255,24.4867580475098
UDT1R2D5_20191107_124239,2,10,6.6,5,2,0,8731,35.2735048723032,15.5271950904269,20.9867413489568
UDT1R2D5_20191107_124239,2,11,6.6,5,2,1,10128,45.5912098511229,16.8819232352631,25.2238798849231
UDT1R2D5_20191107_124239,2,12,6.6,5,2,1,10829,42.9597075008446,16.3084376107,23.2863706410813
UDT1R2D5_20191107_124239,2,13,6.6,5,2,1,11600,49.2010927593281,13.4630298040192,19.7496171260359
